Start Date, Storm SEPI, Time From Previous Storm 
1921-11-27 15:00:00, 1.334581, 0.0 
1921-11-28 15:00:00, 21.620057, 1.000000 
1921-12-03 07:00:00, 1.496602, 3.583333 
1921-12-13 02:00:00, 1.177374, 9.791667 
1921-12-14 16:00:00, 1.365093, 1.583333 
1922-01-12 01:00:00, 5.842552, 28.375000 
1922-01-29 05:00:00, 6.298689, 17.083333 
1922-01-30 06:00:00, 1.351963, 0.500000 
1922-02-02 20:00:00, 1.205486, 3.583333 
1922-03-12 02:00:00, 1.218584, 37.250000 
1922-04-01 18:00:00, 5.247710, 20.625000 
1922-04-12 04:00:00, 1.435496, 9.916667 
1922-11-28 12:00:00, 1.627480, 230.291667 
1922-12-28 12:00:00, 12.723772, 30.000000 
1923-01-04 04:00:00, 6.602853, 5.625000 
1923-01-08 07:00:00, 15.100414, 3.625000 
1923-01-10 10:00:00, 1.346750, 1.500000 
1923-01-13 00:00:00, 1.781854, 2.541667 
1923-01-15 14:00:00, 4.395175, 2.541667 
1923-02-13 14:00:00, 5.062680, 28.458333 
1923-02-14 15:00:00, 1.608303, 0.500000 
1923-03-07 08:00:00, 2.392500, 20.666667 
1923-11-25 05:00:00, 1.289406, 262.458333 
1923-12-06 16:00:00, 1.391600, 11.458333 
1923-12-24 16:00:00, 1.189812, 18.000000 
1923-12-28 18:00:00, 5.957358, 4.083333 
1924-01-06 03:00:00, 1.502944, 8.250000 
1924-01-25 17:00:00, 2.988814, 19.541667 
1924-02-03 02:00:00, 9.302041, 8.291667 
1924-02-06 04:00:00, 9.479330, 2.041667 
1924-02-20 16:00:00, 5.711557, 13.916667 
1924-03-11 07:00:00, 31.588720, 19.083333 
1924-03-22 03:00:00, 2.847702, 9.708333 
1924-03-27 08:00:00, 5.648645, 5.125000 
1924-03-30 13:00:00, 1.270253, 2.625000 
1924-04-02 02:00:00, 1.412880, 2.541667 
1924-04-07 18:00:00, 4.057870, 5.625000 
1924-05-01 14:00:00, 1.365087, 23.291667 
1924-06-14 13:00:00, 1.264038, 43.916667 
1924-11-23 01:00:00, 4.444707, 161.500000 
1924-12-13 16:00:00, 1.486338, 20.083333 
1925-01-20 23:00:00, 5.622952, 38.250000 
1925-01-30 07:00:00, 7.491433, 9.250000 
1925-02-05 14:00:00, 1.137339, 6.166667 
1925-02-12 18:00:00, 1.385736, 7.166667 
1925-02-26 18:00:00, 1.249520, 13.958333 
1925-03-30 07:00:00, 2.367777, 31.541667 
1925-04-20 03:00:00, 1.355885, 20.750000 
1925-10-25 22:00:00, 1.613591, 188.791667 
1925-11-13 13:00:00, 4.759404, 18.583333 
1925-11-16 14:00:00, 2.699242, 2.958333 
1925-12-04 18:00:00, 1.530283, 18.083333 
1925-12-21 08:00:00, 1.237929, 16.541667 
1925-12-22 23:00:00, 1.212561, 1.583333 
1926-01-15 03:00:00, 6.391015, 23.166667 
1926-01-19 07:00:00, 1.243073, 4.041667 
1926-02-01 06:00:00, 16.222103, 12.958333 
1926-02-04 08:00:00, 15.432464, 2.041667 
1926-02-10 12:00:00, 19.071128, 5.583333 
1926-02-11 15:00:00, 1.381125, 0.500000 
1926-02-13 04:00:00, 1.268465, 1.541667 
1926-02-15 04:00:00, 9.355729, 2.000000 
1926-04-01 05:00:00, 3.418730, 44.500000 
1926-10-21 03:00:00, 3.454065, 202.833333 
1926-12-06 04:00:00, 4.844235, 45.958333 
1926-12-11 08:00:00, 2.440317, 5.083333 
1927-01-05 04:00:00, 3.640708, 24.333333 
1927-01-05 18:00:00, 1.264032, 0.500000 
1927-01-11 09:00:00, 6.655158, 5.625000 
1927-01-16 03:00:00, 1.287650, 4.166667 
1927-02-14 15:00:00, 7.291647, 29.500000 
1927-02-20 06:00:00, 19.909976, 4.583333 
1927-02-26 10:00:00, 4.111403, 5.125000 
1927-03-03 03:00:00, 7.735654, 4.625000 
1927-10-18 22:00:00, 2.938366, 229.208333 
1927-10-19 23:00:00, 8.284185, 0.958333 
1927-11-04 11:00:00, 1.668002, 14.416667 
1927-12-05 11:00:00, 4.977584, 30.958333 
1927-12-14 08:00:00, 1.414434, 8.750000 
1927-12-16 22:00:00, 2.830638, 2.541667 
1928-01-01 09:00:00, 2.776387, 15.416667 
1928-01-25 06:00:00, 1.170693, 23.791667 
1928-01-29 08:00:00, 3.928566, 4.083333 
1928-02-09 18:00:00, 1.163498, 11.333333 
1928-02-18 13:00:00, 3.350312, 8.791667 
1928-02-23 17:00:00, 1.353262, 5.083333 
1928-03-10 06:00:00, 1.285118, 15.541667 
1928-03-18 13:00:00, 1.605384, 8.250000 
1928-03-19 02:00:00, 1.655372, 0.500000 
1928-03-27 20:00:00, 1.131290, 8.750000 
1928-04-12 08:00:00, 1.617246, 15.500000 
1928-04-24 05:00:00, 3.081586, 11.833333 
1928-12-01 07:00:00, 1.271802, 220.958333 
1928-12-09 02:00:00, 1.200010, 7.750000 
1928-12-28 17:00:00, 1.439814, 19.625000 
1929-01-06 13:00:00, 1.397208, 8.791667 
1929-01-26 04:00:00, 1.466472, 19.583333 
1929-02-07 14:00:00, 4.191367, 12.375000 
1929-02-22 03:00:00, 1.264538, 14.458333 
1929-02-27 07:00:00, 1.195032, 5.166667 
1929-03-01 07:00:00, 1.164527, 2.000000 
1929-03-07 13:00:00, 1.581498, 6.250000 
1929-03-16 19:00:00, 2.404088, 9.208333 
1929-04-12 18:00:00, 13.521393, 26.875000 
1929-04-16 08:00:00, 34.779662, 2.500000 
1929-04-18 12:00:00, 1.160120, 0.500000 
1929-04-21 14:00:00, 10.606351, 3.083333 
1929-04-26 05:00:00, 1.268010, 3.541667 
1929-04-29 08:00:00, 1.231708, 3.125000 
1929-10-01 16:00:00, 1.213032, 155.333333 
1929-10-02 16:00:00, 2.434767, 1.000000 
1929-11-18 17:00:00, 1.760721, 46.541667 
1929-11-28 01:00:00, 1.198566, 9.291667 
1929-11-28 14:00:00, 1.255732, 0.541667 
1929-12-19 05:00:00, 2.577511, 20.625000 
1929-12-20 06:00:00, 2.860951, 0.958333 
1929-12-23 23:00:00, 1.256614, 3.625000 
1929-12-24 11:00:00, 1.296911, 0.500000 
1929-12-29 16:00:00, 1.274889, 5.208333 
1930-01-15 03:00:00, 1.202913, 16.458333 
1930-01-18 19:00:00, 1.647886, 3.208333 
1930-01-31 16:00:00, 3.837701, 12.833333 
1930-03-08 22:00:00, 4.356775, 36.166667 
1930-03-12 01:00:00, 1.104960, 2.583333 
1930-04-07 09:00:00, 3.228015, 26.291667 
1930-08-23 14:00:00, 4.491639, 138.125000 
1930-10-15 20:00:00, 4.408925, 53.166667 
1930-10-25 05:00:00, 1.118612, 9.250000 
1930-10-25 17:00:00, 10.552391, 0.500000 
1930-11-25 07:00:00, 6.065653, 29.958333 
1930-12-07 15:00:00, 3.670273, 11.791667 
1930-12-23 18:00:00, 1.808140, 15.541667 
1930-12-27 21:00:00, 2.356472, 4.083333 
1930-12-28 10:00:00, 1.335360, 0.500000 
1931-01-06 04:00:00, 18.719618, 8.750000 
1931-01-19 18:00:00, 1.313073, 12.541667 
1931-02-19 05:00:00, 1.183628, 30.458333 
1931-02-19 18:00:00, 2.587543, 0.500000 
1931-03-04 02:00:00, 41.422515, 11.833333 
1931-03-08 18:00:00, 21.551080, 3.041667 
1931-03-10 21:00:00, 1.320997, 0.500000 
1931-03-17 15:00:00, 4.574131, 6.750000 
1931-03-26 08:00:00, 1.536610, 8.166667 
1931-04-02 02:00:00, 4.583716, 6.708333 
1931-12-25 15:00:00, 1.299112, 267.041667 
1932-01-02 11:00:00, 24.031954, 7.833333 
1932-01-04 13:00:00, 1.236005, 0.500000 
1932-01-10 06:00:00, 5.337403, 5.708333 
1932-01-30 08:00:00, 2.642863, 19.541667 
1932-02-04 15:00:00, 1.226400, 5.208333 
1932-02-05 03:00:00, 2.669234, 0.500000 
1932-02-06 04:00:00, 1.166166, 1.000000 
1932-02-08 05:00:00, 4.763817, 2.041667 
1932-02-12 08:00:00, 1.167139, 3.583333 
1932-02-28 10:00:00, 6.910008, 16.083333 
1932-03-01 10:00:00, 3.606564, 0.958333 
1932-03-02 00:00:00, 5.299920, 0.500000 
1932-03-03 13:00:00, 2.042364, 1.000000 
1932-03-04 15:00:00, 1.317430, 1.041667 
1932-03-05 15:00:00, 3.468324, 1.000000 
1932-03-06 16:00:00, 23.004118, 0.500000 
1932-03-22 15:00:00, 1.397091, 14.875000 
1932-03-28 21:00:00, 1.773325, 6.208333 
1932-04-12 07:00:00, 2.890350, 14.375000 
1932-09-04 08:00:00, 4.015938, 144.958333 
1932-09-08 22:00:00, 1.349474, 4.583333 
1932-09-16 17:00:00, 5.594727, 7.791667 
1932-10-19 18:00:00, 2.596905, 32.500000 
1932-11-09 00:00:00, 24.414752, 20.166667 
1932-11-19 19:00:00, 1.182079, 9.125000 
1932-11-30 05:00:00, 8.935655, 10.375000 
1932-12-12 15:00:00, 1.653818, 11.833333 
1933-01-26 04:00:00, 99.427215, 44.541667 
1933-02-11 15:00:00, 4.828951, 11.291667 
1933-02-26 04:00:00, 10.104876, 14.416667 
1933-03-02 07:00:00, 2.868894, 3.500000 
1933-03-03 07:00:00, 8.103335, 0.916667 
1933-03-08 13:00:00, 2.085626, 5.125000 
1933-03-15 17:00:00, 1.325739, 7.125000 
1933-03-21 11:00:00, 3.130464, 5.750000 
1933-03-22 01:00:00, 1.416175, 0.500000 
1933-03-27 04:00:00, 6.885938, 5.125000 
1933-04-13 17:00:00, 1.159294, 16.958333 
1933-04-19 12:00:00, 1.207779, 5.791667 
1933-08-04 15:00:00, 1.323897, 107.083333 
1933-10-06 05:00:00, 1.260576, 62.583333 
1933-10-07 17:00:00, 3.132844, 1.041667 
1933-10-25 09:00:00, 1.166621, 17.583333 
1933-12-04 16:00:00, 6.986299, 40.291667 
1933-12-21 06:00:00, 5.106450, 16.458333 
1933-12-27 00:00:00, 1.949964, 5.666667 
1934-01-14 01:00:00, 9.023569, 18.000000 
1934-01-28 15:00:00, 1.278632, 13.958333 
1934-02-13 03:00:00, 6.974102, 15.500000 
1934-02-20 08:00:00, 3.379061, 6.625000 
1934-02-26 14:00:00, 1.473750, 6.166667 
1934-03-11 11:00:00, 4.031588, 12.833333 
1934-04-12 02:00:00, 19.463909, 31.541667 
1934-10-13 07:00:00, 4.755412, 182.583333 
1934-10-23 15:00:00, 3.248317, 9.791667 
1934-12-20 03:00:00, 2.103600, 57.416667 
1934-12-26 19:00:00, 1.262121, 6.625000 
1935-01-01 13:00:00, 1.200660, 5.708333 
1935-01-17 15:00:00, 1.338209, 16.083333 
1935-01-24 06:00:00, 5.092340, 6.625000 
1935-02-17 16:00:00, 1.198596, 24.333333 
1935-04-09 21:00:00, 6.027491, 51.208333 
1935-11-17 09:00:00, 24.189389, 220.958333 
1935-11-24 15:00:00, 7.009775, 6.166667 
1935-12-09 15:00:00, 1.654187, 13.958333 
1935-12-16 08:00:00, 1.163148, 6.708333 
1936-01-05 12:00:00, 1.521217, 20.166667 
1936-01-10 04:00:00, 6.556503, 4.625000 
1936-01-20 00:00:00, 8.437738, 9.291667 
1936-01-23 03:00:00, 1.577900, 3.041667 
1936-02-04 14:00:00, 1.352309, 12.458333 
1936-02-14 20:00:00, 2.306544, 10.250000 
1936-03-13 06:00:00, 1.321601, 27.375000 
1936-03-21 14:00:00, 5.920311, 8.291667 
1936-04-03 02:00:00, 1.642054, 11.916667 
1936-04-11 19:00:00, 1.895503, 8.708333 
1936-09-19 06:00:00, 1.849300, 160.458333 
1936-09-24 21:00:00, 1.871365, 5.583333 
1936-10-01 16:00:00, 1.735676, 6.791667 
1936-10-17 17:00:00, 2.972602, 16.041667 
1936-12-03 07:00:00, 1.754603, 46.083333 
1936-12-13 16:00:00, 1.326887, 10.333333 
1937-01-25 13:00:00, 1.142080, 42.875000 
1937-02-06 12:00:00, 1.349248, 11.958333 
1937-02-14 17:00:00, 1.348719, 8.208333 
1937-02-17 07:00:00, 10.699741, 2.583333 
1937-02-22 12:00:00, 8.432981, 4.166667 
1937-03-16 05:00:00, 1.378240, 21.125000 
1937-03-16 18:00:00, 1.594633, 0.541667 
1937-03-21 11:00:00, 1.201689, 4.708333 
1937-04-22 14:00:00, 1.591967, 32.083333 
1937-04-23 03:00:00, 10.322405, 0.500000 
1937-10-21 04:00:00, 1.286158, 180.000000 
1937-11-13 23:00:00, 2.008964, 23.791667 
1937-11-14 12:00:00, 11.412011, 0.500000 
1937-11-21 05:00:00, 1.302426, 5.125000 
1937-12-03 16:00:00, 1.602656, 12.458333 
1937-12-04 05:00:00, 1.353232, 0.500000 
1937-12-04 18:00:00, 1.204842, 0.541667 
1937-12-05 17:00:00, 1.382431, 0.958333 
1937-12-07 06:00:00, 1.798677, 1.500000 
1938-01-13 14:00:00, 1.259076, 37.291667 
1938-01-14 02:00:00, 1.277929, 0.500000 
1938-01-17 16:00:00, 3.389499, 3.583333 
1938-02-25 13:00:00, 1.408610, 38.791667 
1938-03-17 16:00:00, 12.946432, 20.125000 
1938-04-09 11:00:00, 1.310496, 21.708333 
1938-04-09 23:00:00, 1.485601, 0.500000 
1938-05-15 16:00:00, 5.666141, 35.708333 
1938-11-11 20:00:00, 1.299967, 179.583333 
1938-11-25 06:00:00, 2.014961, 13.416667 
1938-11-27 20:00:00, 1.626573, 2.541667 
1938-12-10 05:00:00, 1.294862, 12.375000 
1938-12-20 03:00:00, 1.385732, 9.875000 
1938-12-20 15:00:00, 1.507606, 0.500000 
1938-12-25 06:00:00, 1.334994, 4.583333 
1938-12-27 19:00:00, 1.151296, 2.541667 
1939-01-19 15:00:00, 1.575753, 22.791667 
1939-01-22 17:00:00, 1.496014, 3.083333 
1939-01-30 23:00:00, 12.933579, 8.208333 
1939-02-07 07:00:00, 5.670171, 6.750000 
1939-02-15 14:00:00, 1.212484, 7.750000 
1939-02-22 05:00:00, 1.150913, 6.625000 
1939-03-13 09:00:00, 9.697175, 19.166667 
1939-04-02 13:00:00, 8.129704, 20.041667 
1939-04-30 14:00:00, 1.377378, 27.916667 
1939-05-01 02:00:00, 1.466451, 0.500000 
1939-08-31 18:00:00, 1.473513, 122.666667 
1939-11-05 23:00:00, 2.136272, 66.208333 
1939-11-22 13:00:00, 2.168732, 16.541667 
1939-11-25 02:00:00, 5.742771, 2.500000 
1939-12-03 08:00:00, 1.229083, 7.666667 
1939-12-11 03:00:00, 8.108745, 7.750000 
1939-12-12 16:00:00, 2.808152, 0.500000 
1940-01-15 07:00:00, 1.803710, 33.541667 
1940-01-24 15:00:00, 1.315297, 9.291667 
1940-02-11 17:00:00, 2.740857, 18.041667 
1940-02-14 20:00:00, 14.402090, 3.041667 
1940-02-20 12:00:00, 10.700460, 5.083333 
1940-03-04 12:00:00, 1.587080, 11.916667 
1940-03-05 13:00:00, 4.763146, 1.000000 
1940-03-06 14:00:00, 1.267591, 0.500000 
1940-03-07 03:00:00, 1.250662, 0.500000 
1940-03-07 15:00:00, 1.371691, 0.500000 
1940-03-09 04:00:00, 3.704145, 1.500000 
1940-04-21 14:00:00, 29.913508, 42.875000 
1940-11-27 15:00:00, 1.738489, 218.875000 
1940-12-27 03:00:00, 1.170361, 29.500000 
1940-12-29 03:00:00, 15.109214, 2.000000 
1941-01-04 08:00:00, 6.312092, 4.583333 
1941-01-12 03:00:00, 9.847508, 7.250000 
1941-01-17 06:00:00, 1.213530, 4.541667 
1941-01-25 13:00:00, 4.471018, 8.291667 
1941-02-15 17:00:00, 1.209455, 21.041667 
1941-03-01 05:00:00, 6.844062, 13.500000 
1941-03-09 12:00:00, 1.304000, 7.750000 
1941-12-14 11:00:00, 3.731557, 279.916667 
1941-12-24 09:00:00, 1.391012, 9.833333 
1941-12-24 21:00:00, 2.514004, 0.500000 
1942-01-02 17:00:00, 1.436423, 8.333333 
1942-01-04 17:00:00, 1.319475, 2.000000 
1942-01-29 13:00:00, 4.082844, 24.833333 
1942-02-01 03:00:00, 2.085461, 2.500000 
1942-02-07 20:00:00, 7.857982, 6.666667 
1942-02-17 16:00:00, 1.433245, 9.250000 
1942-03-03 15:00:00, 11.687999, 13.916667 
1942-03-09 09:00:00, 4.119187, 5.125000 
1942-03-22 07:00:00, 1.432226, 12.375000 
1942-04-11 00:00:00, 6.061675, 19.666667 
1942-09-22 02:00:00, 1.186844, 163.500000 
1942-09-23 03:00:00, 1.297701, 1.000000 
1942-11-25 17:00:00, 12.320540, 63.583333 
1942-12-02 10:00:00, 4.828547, 5.625000 
1942-12-13 22:00:00, 1.352041, 11.416667 
1942-12-30 21:00:00, 1.655469, 16.958333 
1943-01-19 14:00:00, 2.935728, 19.666667 
1943-02-07 04:00:00, 5.363286, 18.500000 
1943-02-27 08:00:00, 2.980929, 19.625000 
1943-03-03 13:00:00, 1.653450, 4.125000 
1943-03-07 03:00:00, 1.464700, 3.541667 
1943-04-20 05:00:00, 1.179712, 44.083333 
1943-10-10 14:00:00, 1.564708, 173.375000 
1943-10-16 07:00:00, 1.259412, 5.708333 
1943-10-27 02:00:00, 8.639969, 10.791667 
1943-10-28 04:00:00, 1.184581, 0.500000 
1943-10-28 16:00:00, 1.447047, 0.500000 
1943-11-23 13:00:00, 1.519980, 25.833333 
1944-01-04 10:00:00, 2.591077, 41.875000 
1944-01-06 14:00:00, 3.875434, 2.083333 
1944-02-12 18:00:00, 1.296500, 36.666667 
1944-03-07 15:00:00, 1.405856, 23.875000 
1944-06-25 06:00:00, 2.862058, 109.625000 
1944-09-15 02:00:00, 9.926161, 81.750000 
1944-10-21 18:00:00, 3.073806, 36.541667 
1944-10-28 12:00:00, 3.154929, 6.666667 
1944-11-17 04:00:00, 12.580864, 19.583333 
1944-11-18 06:00:00, 1.171699, 0.500000 
1944-11-21 07:00:00, 33.129134, 3.041667 
1944-11-23 22:00:00, 1.337752, 0.500000 
1944-11-24 22:00:00, 1.330726, 1.000000 
1944-11-30 14:00:00, 10.935790, 5.583333 
1944-12-08 23:00:00, 1.550282, 8.208333 
1944-12-12 13:00:00, 4.161089, 3.583333 
1944-12-19 18:00:00, 1.313863, 7.125000 
1945-06-27 05:00:00, 1.618267, 189.458333 
1945-06-27 17:00:00, 1.436571, 0.500000 
1945-11-20 05:00:00, 1.297452, 145.458333 
1945-11-29 11:00:00, 83.007289, 9.250000 
1945-12-06 17:00:00, 16.072461, 4.583333 
1945-12-20 03:00:00, 6.471656, 11.875000 
1945-12-26 09:00:00, 1.430322, 6.125000 
1945-12-31 15:00:00, 1.556515, 5.250000 
1946-01-10 10:00:00, 1.268042, 9.791667 
1946-01-18 04:00:00, 8.670824, 7.750000 
1946-01-21 18:00:00, 3.614424, 2.541667 
1946-01-25 09:00:00, 2.003959, 3.541667 
1946-02-20 07:00:00, 6.117094, 25.875000 
1946-02-25 11:00:00, 1.554443, 4.625000 
1946-04-03 16:00:00, 1.303886, 37.208333 
1946-05-28 14:00:00, 1.377740, 54.916667 
1946-10-18 23:00:00, 1.237904, 143.375000 
1946-12-21 14:00:00, 2.707729, 63.625000 
1946-12-29 08:00:00, 1.403771, 7.666667 
1947-01-20 16:00:00, 1.580251, 22.333333 
1947-02-05 03:00:00, 3.389256, 15.458333 
1947-02-06 03:00:00, 2.664455, 0.541667 
1947-02-07 04:00:00, 1.310241, 0.958333 
1947-02-08 06:00:00, 7.558275, 1.083333 
1947-02-16 13:00:00, 1.170251, 7.708333 
1947-02-17 13:00:00, 5.657955, 1.000000 
1947-02-18 15:00:00, 1.193554, 0.541667 
1947-02-21 15:00:00, 8.244901, 3.000000 
1947-03-02 11:00:00, 1.233597, 8.708333 
1947-03-02 23:00:00, 13.843026, 0.500000 
1947-03-04 01:00:00, 1.865766, 0.500000 
1947-03-22 04:00:00, 1.219579, 18.125000 
1947-03-25 17:00:00, 4.213167, 3.541667 
1947-04-03 13:00:00, 2.666338, 8.750000 
1947-10-31 03:00:00, 15.320310, 210.500000 
1947-11-05 22:00:00, 1.463376, 4.708333 
1947-11-06 10:00:00, 1.336023, 0.500000 
1947-11-08 13:00:00, 9.391895, 2.125000 
1947-11-12 14:00:00, 9.140836, 3.500000 
1947-11-25 01:00:00, 2.274199, 12.333333 
1947-12-27 02:00:00, 15.161560, 32.000000 
1948-01-02 09:00:00, 26.480775, 5.250000 
1948-01-09 15:00:00, 1.300349, 5.666667 
1948-02-29 06:00:00, 2.798316, 50.583333 
1948-03-03 09:00:00, 1.491277, 3.000000 
1948-05-14 21:00:00, 1.239388, 72.458333 
1948-06-09 17:00:00, 1.493523, 25.833333 
1948-07-07 04:00:00, 1.563973, 27.458333 
1948-10-25 09:00:00, 7.687719, 110.208333 
1948-12-20 06:00:00, 9.925487, 54.833333 
1948-12-31 15:00:00, 28.087260, 10.791667 
1949-01-28 16:00:00, 1.480724, 26.416667 
1949-02-11 15:00:00, 1.654179, 13.916667 
1949-03-01 04:00:00, 17.152707, 17.500000 
1949-03-11 12:00:00, 4.053274, 9.708333 
1949-04-19 10:00:00, 1.428860, 38.375000 
1949-11-04 15:00:00, 1.208486, 199.208333 
1949-11-25 08:00:00, 1.204410, 20.708333 
1949-12-04 03:00:00, 1.211057, 8.791667 
1950-02-15 15:00:00, 5.543755, 73.500000 
1950-02-16 16:00:00, 1.253151, 0.500000 
1950-02-23 07:00:00, 3.029150, 6.625000 
1950-03-13 13:00:00, 1.861568, 18.166667 
1950-03-14 12:00:00, 1.355050, 0.958333 
1950-03-23 19:00:00, 1.833660, 9.291667 
1950-03-24 07:00:00, 1.357012, 0.500000 
1950-04-07 19:00:00, 11.504690, 14.458333 
1950-09-12 02:00:00, 27.093643, 156.666667 
1950-09-22 13:00:00, 1.135719, 9.291667 
1950-09-23 01:00:00, 6.802907, 0.500000 
1950-10-10 14:00:00, 8.100083, 16.958333 
1950-10-23 15:00:00, 1.242632, 12.458333 
1950-11-05 00:00:00, 1.149640, 12.375000 
1950-11-05 12:00:00, 1.235169, 0.500000 
1950-11-21 14:00:00, 1.238864, 16.083333 
1950-11-25 15:00:00, 38.573005, 4.041667 
1950-11-28 17:00:00, 2.887251, 0.958333 
1950-11-29 19:00:00, 1.304473, 1.000000 
1950-12-04 23:00:00, 1.205642, 5.166667 
1950-12-08 15:00:00, 1.515591, 3.666667 
1950-12-09 04:00:00, 1.393508, 0.500000 
1950-12-09 16:00:00, 1.287430, 0.500000 
1950-12-10 05:00:00, 1.195635, 0.500000 
1950-12-11 04:00:00, 13.528923, 0.958333 
1950-12-16 09:00:00, 5.644758, 4.083333 
1951-01-08 03:00:00, 3.842887, 22.166667 
1951-01-15 09:00:00, 3.358600, 7.166667 
1951-02-08 04:00:00, 4.323376, 23.708333 
1951-02-22 05:00:00, 2.554704, 13.958333 
1951-03-03 12:00:00, 1.189485, 8.791667 
1951-03-04 01:00:00, 1.756287, 0.500000 
1951-03-04 13:00:00, 1.559659, 0.500000 
1951-03-05 02:00:00, 1.344684, 0.500000 
1951-03-11 18:00:00, 17.845553, 6.666667 
1951-03-15 09:00:00, 1.449981, 2.000000 
1951-03-31 11:00:00, 1.492277, 16.041667 
1951-04-02 14:00:00, 1.181407, 2.125000 
1951-04-03 14:00:00, 1.919778, 1.000000 
1951-05-24 08:00:00, 11.341207, 50.708333 
1951-06-16 02:00:00, 1.517028, 21.708333 
1951-06-17 03:00:00, 1.364724, 1.041667 
1951-06-18 04:00:00, 1.540116, 1.041667 
1951-06-19 05:00:00, 1.536047, 1.041667 
1951-06-20 06:00:00, 1.360716, 1.041667 
1951-06-23 08:00:00, 1.376250, 3.083333 
1951-11-03 05:00:00, 6.154659, 132.875000 
1951-11-03 20:00:00, 1.248203, 0.500000 
1951-11-26 15:00:00, 1.532800, 22.791667 
1951-12-12 15:00:00, 1.354230, 16.000000 
1951-12-15 16:00:00, 1.264850, 3.041667 
1952-01-07 12:00:00, 11.356383, 22.833333 
1952-01-10 15:00:00, 1.160004, 2.041667 
1952-01-29 04:00:00, 1.348802, 18.500000 
1952-02-05 11:00:00, 1.159530, 7.208333 
1952-02-11 17:00:00, 1.318474, 6.208333 
1952-02-12 05:00:00, 1.159530, 0.500000 
1952-02-17 20:00:00, 23.283249, 5.625000 
1952-02-23 02:00:00, 1.353402, 4.625000 
1952-02-27 16:00:00, 18.652591, 4.583333 
1952-03-05 11:00:00, 1.575620, 6.125000 
1952-03-06 12:00:00, 1.305116, 1.000000 
1952-03-17 06:00:00, 2.493633, 10.750000 
1952-05-12 05:00:00, 6.975015, 55.875000 
1952-11-19 05:00:00, 1.201642, 190.416667 
1952-12-06 07:00:00, 1.483294, 17.083333 
1952-12-12 11:00:00, 2.894472, 6.166667 
1952-12-22 19:00:00, 14.166275, 10.250000 
1953-01-01 17:00:00, 1.278301, 8.791667 
1953-01-03 17:00:00, 4.272808, 2.000000 
1953-01-10 11:00:00, 1.311235, 6.666667 
1953-01-11 12:00:00, 1.340882, 1.041667 
1953-01-22 08:00:00, 2.728361, 10.833333 
1953-01-28 14:00:00, 4.172119, 6.166667 
1953-02-04 07:00:00, 1.262407, 6.625000 
1953-02-04 19:00:00, 1.584298, 0.500000 
1953-02-12 14:00:00, 11.047140, 7.750000 
1953-02-15 17:00:00, 4.743108, 2.041667 
1953-02-27 15:00:00, 1.199674, 11.375000 
1953-03-04 18:00:00, 1.241904, 5.125000 
1953-03-26 13:00:00, 1.418074, 21.791667 
1953-03-27 02:00:00, 2.178813, 0.500000 
1953-03-27 14:00:00, 1.225736, 0.500000 
1953-03-30 03:00:00, 14.287548, 2.500000 
1953-04-13 14:00:00, 8.399128, 12.916667 
1953-04-17 05:00:00, 1.524705, 3.000000 
1953-04-20 09:00:00, 1.494569, 3.166667 
1953-05-01 17:00:00, 1.490415, 11.333333 
1953-10-06 15:00:00, 1.205181, 157.875000 
1953-10-25 06:00:00, 15.012284, 18.625000 
1953-11-07 04:00:00, 13.978885, 11.875000 
1953-11-25 18:00:00, 2.947271, 18.000000 
1953-12-02 13:00:00, 1.695565, 6.708333 
1953-12-14 22:00:00, 1.649291, 12.333333 
1954-01-06 15:00:00, 4.551939, 22.666667 
1954-01-11 21:00:00, 10.870789, 5.125000 
1954-01-28 10:00:00, 1.641517, 15.958333 
1954-02-04 05:00:00, 1.232461, 6.750000 
1954-02-04 17:00:00, 1.313793, 0.500000 
1954-02-09 20:00:00, 1.497933, 5.125000 
1954-02-17 15:00:00, 5.814400, 7.791667 
1954-03-04 02:00:00, 1.198908, 13.875000 
1954-03-15 13:00:00, 1.157291, 11.458333 
1954-03-20 16:00:00, 5.770586, 5.083333 
1954-04-18 03:00:00, 2.434919, 27.875000 
1954-05-06 18:00:00, 1.212585, 18.541667 
1954-08-31 16:00:00, 8.914411, 116.916667 
1954-09-11 15:00:00, 2.099761, 10.833333 
1954-10-16 06:00:00, 1.222376, 34.583333 
1954-10-30 17:00:00, 1.690186, 14.458333 
1954-11-03 09:00:00, 2.569071, 3.625000 
1954-11-21 13:00:00, 1.314490, 18.166667 
1954-11-24 16:00:00, 1.375168, 3.125000 
1954-11-25 04:00:00, 1.439567, 0.500000 
1954-11-25 16:00:00, 1.552043, 0.500000 
1954-11-29 17:00:00, 1.572329, 4.041667 
1954-12-15 07:00:00, 3.578838, 15.583333 
1954-12-21 13:00:00, 1.484391, 6.166667 
1954-12-30 19:00:00, 1.406280, 9.208333 
1955-01-06 01:00:00, 3.050655, 6.250000 
1955-01-07 02:00:00, 1.556208, 0.541667 
1955-01-10 04:00:00, 1.279736, 3.083333 
1955-01-11 05:00:00, 1.392803, 1.041667 
1955-01-13 07:00:00, 1.286428, 2.083333 
1955-01-13 19:00:00, 1.277918, 0.500000 
1955-01-14 08:00:00, 1.353408, 0.500000 
1955-01-15 08:00:00, 1.367180, 1.000000 
1955-03-04 12:00:00, 1.453013, 48.125000 
1955-03-06 15:00:00, 2.670302, 2.125000 
1955-03-22 16:00:00, 5.910765, 15.541667 
1955-03-27 05:00:00, 1.366669, 4.041667 
1955-04-04 13:00:00, 3.342493, 8.291667 
1955-04-25 17:00:00, 23.126611, 21.083333 
1955-04-30 10:00:00, 1.303448, 3.041667 
1955-06-08 18:00:00, 1.298829, 39.291667 
1955-08-19 18:00:00, 1.248751, 72.000000 
1955-10-14 15:00:00, 36.214225, 55.875000 
1955-10-18 05:00:00, 1.220613, 0.500000 
1955-10-19 19:00:00, 1.197083, 1.541667 
1955-11-02 04:00:00, 1.222653, 13.375000 
1955-11-05 07:00:00, 9.310820, 3.125000 
1955-11-11 14:00:00, 1.279543, 5.208333 
1955-11-20 19:00:00, 1.333868, 9.208333 
1955-12-05 07:00:00, 1.283291, 14.458333 
1956-01-08 13:00:00, 1.231156, 34.208333 
1956-01-09 01:00:00, 34.833034, 0.500000 
1956-01-12 15:00:00, 7.190061, 0.958333 
1956-01-17 18:00:00, 3.608449, 4.083333 
1956-02-07 13:00:00, 1.360828, 20.708333 
1956-02-12 04:00:00, 2.935963, 4.625000 
1956-02-28 16:00:00, 3.514199, 16.000000 
1956-03-08 13:00:00, 1.953531, 8.791667 
1956-03-17 05:00:00, 20.303414, 8.625000 
1956-03-19 20:00:00, 6.037139, 2.000000 
1956-03-20 10:00:00, 1.254545, 0.500000 
1956-03-24 13:00:00, 3.065979, 4.125000 
1956-04-08 13:00:00, 9.831235, 14.916667 
1956-04-16 07:00:00, 1.307371, 7.166667 
1956-10-23 17:00:00, 1.350157, 190.416667 
1956-11-26 10:00:00, 1.306309, 33.708333 
1956-12-25 10:00:00, 1.382329, 28.958333 
1956-12-29 13:00:00, 8.032994, 4.125000 
1957-01-07 20:00:00, 1.394825, 8.708333 
1957-01-16 15:00:00, 1.365302, 8.791667 
1957-01-17 03:00:00, 1.254893, 0.500000 
1957-02-14 02:00:00, 2.593503, 27.916667 
1957-03-01 15:00:00, 4.060422, 15.041667 
1957-03-09 08:00:00, 4.586340, 7.625000 
1957-03-20 19:00:00, 8.083662, 11.375000 
1957-04-09 10:00:00, 3.053849, 19.041667 
1957-11-19 15:00:00, 1.271181, 224.125000 
1957-12-05 02:00:00, 10.214334, 15.458333 
1957-12-09 16:00:00, 1.343751, 4.000000 
1957-12-10 19:00:00, 1.222335, 1.041667 
1957-12-12 07:00:00, 1.614374, 1.041667 
1958-01-08 04:00:00, 7.204749, 26.833333 
1958-01-15 11:00:00, 41.906064, 7.166667 
1958-01-22 17:00:00, 3.375067, 3.541667 
1958-01-25 20:00:00, 9.670977, 3.041667 
1958-01-27 09:00:00, 1.713331, 0.541667 
1958-01-28 09:00:00, 2.240418, 1.000000 
1958-02-02 01:00:00, 7.699827, 4.625000 
1958-02-04 15:00:00, 1.443516, 2.000000 
1958-02-08 05:00:00, 7.015551, 3.583333 
1958-02-16 13:00:00, 16.155595, 7.750000 
1958-02-17 14:00:00, 1.345390, 0.875000 
1958-02-28 10:00:00, 1.721501, 10.791667 
1958-03-14 11:00:00, 16.501814, 14.000000 
1958-03-16 13:00:00, 1.493189, 1.000000 
1958-03-17 14:00:00, 1.188289, 1.000000 
1958-03-20 16:00:00, 29.241561, 3.041667 
1958-03-28 08:00:00, 3.864588, 5.583333 
1958-04-01 12:00:00, 54.924813, 4.083333 
1958-04-07 04:00:00, 12.650363, 2.500000 
1958-04-11 23:00:00, 4.747585, 3.708333 
1958-05-08 06:00:00, 2.199490, 25.750000 
1958-10-24 14:00:00, 7.171102, 169.208333 
1958-10-25 15:00:00, 1.279144, 0.500000 
1958-10-26 14:00:00, 7.271751, 0.958333 
1958-10-29 05:00:00, 1.259800, 2.041667 
1958-12-04 21:00:00, 3.759672, 36.666667 
1959-01-05 00:00:00, 1.186358, 31.041667 
1959-01-16 09:00:00, 1.339551, 11.375000 
1959-02-11 06:00:00, 4.068298, 25.875000 
1959-02-24 15:00:00, 1.297156, 12.833333 
1959-03-03 09:00:00, 5.377320, 6.750000 
1959-03-04 12:00:00, 1.436703, 1.000000 
1959-03-07 02:00:00, 1.357247, 2.541667 
1959-03-10 16:00:00, 1.281640, 3.583333 
1959-03-12 17:00:00, 11.116601, 2.041667 
1959-03-28 06:00:00, 6.976172, 14.958333 
1959-04-03 13:00:00, 1.250653, 5.750000 
1959-11-02 18:00:00, 1.410007, 213.208333 
1959-12-07 09:00:00, 4.832612, 34.625000 
1959-12-13 14:00:00, 2.824665, 6.125000 
1959-12-28 15:00:00, 35.224291, 14.958333 
1960-01-15 16:00:00, 1.230516, 15.916667 
1960-01-16 05:00:00, 1.687700, 0.541667 
1960-01-19 07:00:00, 2.375510, 3.041667 
1960-01-21 08:00:00, 1.456238, 1.541667 
1960-02-11 15:00:00, 1.351265, 21.291667 
1960-02-12 04:00:00, 1.264887, 0.500000 
1960-02-14 16:00:00, 7.191084, 2.500000 
1960-02-19 07:00:00, 10.634542, 4.500000 
1960-02-26 14:00:00, 6.193001, 6.708333 
1960-03-04 07:00:00, 32.248688, 6.583333 
1960-09-12 20:00:00, 5.178177, 191.416667 
1960-10-30 01:00:00, 1.381100, 47.125000 
1960-11-02 02:00:00, 1.413038, 3.041667 
1960-12-17 02:00:00, 1.805770, 44.958333 
1960-12-21 18:00:00, 1.339126, 4.625000 
1961-01-15 15:00:00, 11.869112, 24.833333 
1961-01-20 06:00:00, 19.200644, 3.541667 
1961-02-04 17:00:00, 12.196513, 14.458333 
1961-02-10 10:00:00, 1.251695, 5.125000 
1961-02-26 13:00:00, 1.432784, 16.125000 
1961-03-09 07:00:00, 10.604567, 10.708333 
1961-03-14 15:00:00, 6.141980, 4.750000 
1961-04-01 16:00:00, 1.429588, 17.541667 
1961-04-10 23:00:00, 2.865326, 9.291667 
1961-04-13 13:00:00, 23.443325, 2.500000 
1961-04-17 04:00:00, 3.501626, 2.583333 
1961-04-19 06:00:00, 1.276382, 1.958333 
1961-04-30 16:00:00, 1.435175, 11.416667 
1961-05-02 16:00:00, 2.513177, 1.958333 
1961-09-21 13:00:00, 1.718735, 141.791667 
1961-10-20 12:00:00, 5.858056, 28.916667 
1961-10-22 03:00:00, 32.751379, 1.041667 
1961-11-22 04:00:00, 1.355613, 28.458333 
1961-11-27 19:00:00, 1.210834, 5.166667 
1961-12-19 01:00:00, 1.573019, 21.208333 
1961-12-20 02:00:00, 5.935144, 1.000000 
1961-12-21 15:00:00, 1.319818, 1.000000 
1961-12-24 17:00:00, 7.203868, 3.083333 
1962-02-15 01:00:00, 1.895930, 51.750000 
1962-02-15 13:00:00, 1.243561, 0.500000 
1962-02-24 19:00:00, 1.535224, 9.250000 
1962-03-06 05:00:00, 32.611212, 9.416667 
1962-03-12 21:00:00, 6.165189, 4.583333 
1962-03-14 10:00:00, 1.233077, 0.958333 
1962-03-22 16:00:00, 1.295826, 8.250000 
1962-09-28 03:00:00, 7.280278, 189.416667 
1962-10-06 22:00:00, 1.278606, 8.208333 
1962-10-07 10:00:00, 1.980196, 0.500000 
1962-10-09 23:00:00, 3.252145, 2.541667 
1962-10-10 13:00:00, 1.300118, 0.500000 
1962-11-03 20:00:00, 1.406915, 24.291667 
1962-11-10 16:00:00, 1.253772, 6.791667 
1962-11-12 18:00:00, 1.361712, 2.083333 
1962-11-15 05:00:00, 18.782471, 2.458333 
1962-11-22 13:00:00, 1.277557, 5.708333 
1962-12-05 09:00:00, 33.796999, 12.833333 
1962-12-10 02:00:00, 1.465080, 2.541667 
1963-01-02 08:00:00, 1.601081, 23.208333 
1963-01-08 14:00:00, 1.570481, 6.250000 
1963-01-09 03:00:00, 2.690149, 0.500000 
1963-01-12 05:00:00, 1.238521, 2.583333 
1963-01-12 17:00:00, 1.321694, 0.500000 
1963-01-13 06:00:00, 1.363456, 0.500000 
1963-01-13 18:00:00, 1.373009, 0.500000 
1963-01-27 16:00:00, 6.336163, 13.916667 
1963-02-08 03:00:00, 1.632985, 11.333333 
1963-02-12 18:00:00, 1.654208, 4.625000 
1963-02-13 07:00:00, 1.291938, 0.500000 
1963-03-02 08:00:00, 1.411942, 17.041667 
1963-03-02 21:00:00, 1.408985, 0.500000 
1963-03-10 16:00:00, 1.259503, 7.791667 
1963-03-21 12:00:00, 1.544638, 10.833333 
1963-04-04 13:00:00, 1.223548, 14.000000 
1963-09-06 19:00:00, 1.321109, 155.250000 
1963-09-30 01:00:00, 1.229300, 23.250000 
1963-10-29 12:00:00, 3.022455, 29.458333 
1963-11-02 15:00:00, 4.453339, 4.041667 
1963-11-03 15:00:00, 1.433819, 0.875000 
1963-11-07 19:00:00, 37.101128, 4.166667 
1963-11-11 13:00:00, 1.488550, 0.500000 
1963-11-12 01:00:00, 6.870787, 0.500000 
1963-11-19 19:00:00, 1.250848, 6.708333 
1963-11-30 02:00:00, 2.799235, 10.291667 
1963-12-04 05:00:00, 1.281899, 4.041667 
1963-12-09 11:00:00, 1.632899, 5.208333 
1963-12-24 10:00:00, 1.391950, 14.916667 
1964-01-13 15:00:00, 14.527449, 20.208333 
1964-01-20 19:00:00, 1.205936, 6.083333 
1964-01-21 07:00:00, 9.660738, 0.500000 
1964-01-26 01:00:00, 1.437144, 4.208333 
1964-01-28 15:00:00, 1.558770, 2.583333 
1964-02-07 11:00:00, 1.614324, 9.791667 
1964-02-16 17:00:00, 9.475033, 9.250000 
1964-02-19 19:00:00, 11.658671, 2.958333 
1964-02-29 04:00:00, 5.311637, 8.833333 
1964-03-10 14:00:00, 4.653362, 9.875000 
1964-03-26 15:00:00, 4.691443, 15.541667 
1964-11-20 03:00:00, 1.282363, 237.958333 
1964-11-26 10:00:00, 1.489964, 6.291667 
1964-12-24 08:00:00, 1.290647, 27.916667 
1965-01-17 03:00:00, 1.359702, 23.791667 
1965-01-24 22:00:00, 1.664675, 7.750000 
1965-01-25 11:00:00, 1.399306, 0.541667 
1965-01-31 15:00:00, 1.210218, 6.166667 
1965-02-13 01:00:00, 1.394270, 12.416667 
1965-02-26 00:00:00, 2.584855, 12.958333 
1965-03-06 05:00:00, 1.283330, 8.208333 
1965-03-06 17:00:00, 1.399103, 0.500000 
1965-03-07 06:00:00, 2.865409, 0.541667 
1965-04-13 13:00:00, 1.248641, 36.791667 
1965-04-14 02:00:00, 1.275582, 0.541667 
1965-06-14 05:00:00, 1.231585, 61.125000 
1965-10-23 14:00:00, 1.494718, 131.375000 
1965-11-17 22:00:00, 1.187683, 25.291667 
1965-11-18 11:00:00, 1.322145, 0.541667 
1965-11-23 03:00:00, 1.209474, 4.666667 
1965-11-27 18:00:00, 1.296374, 4.625000 
1966-01-07 03:00:00, 3.026137, 40.333333 
1966-01-08 15:00:00, 7.339135, 1.000000 
1966-01-09 19:00:00, 1.371645, 0.541667 
1966-01-23 16:00:00, 28.372441, 13.875000 
1966-01-27 19:00:00, 1.918144, 3.000000 
1966-01-30 10:00:00, 6.835549, 2.583333 
1966-02-05 03:00:00, 2.722793, 5.166667 
1966-02-25 18:00:00, 5.353972, 20.125000 
1966-03-01 10:00:00, 1.213483, 3.583333 
1966-03-05 13:00:00, 1.770141, 4.083333 
1966-03-06 02:00:00, 5.836381, 0.500000 
1966-03-07 03:00:00, 1.287924, 0.500000 
1966-03-31 10:00:00, 1.189789, 24.291667 
1966-04-02 12:00:00, 1.339357, 2.083333 
1966-09-15 16:00:00, 2.518542, 166.166667 
1966-12-25 02:00:00, 2.972405, 100.333333 
1966-12-29 16:00:00, 1.955402, 4.541667 
1967-01-02 07:00:00, 1.265842, 3.583333 
1967-01-04 22:00:00, 5.646030, 2.625000 
1967-01-27 15:00:00, 23.307034, 22.125000 
1967-02-05 13:00:00, 1.439697, 7.291667 
1967-02-07 15:00:00, 1.348302, 2.083333 
1967-02-10 16:00:00, 1.231367, 3.000000 
1967-02-11 05:00:00, 1.358587, 0.541667 
1967-02-23 14:00:00, 1.373972, 12.375000 
1967-03-07 14:00:00, 1.644334, 12.000000 
1967-03-16 06:00:00, 1.447583, 8.625000 
1967-04-19 10:00:00, 4.013589, 34.125000 
1967-04-28 06:00:00, 16.380869, 8.750000 
1967-05-08 02:00:00, 5.237920, 8.708333 
1967-05-09 16:00:00, 1.154073, 1.500000 
1967-05-12 04:00:00, 3.200927, 2.041667 
1967-05-25 16:00:00, 28.560252, 13.416667 
1967-06-20 15:00:00, 1.429634, 24.291667 
1967-11-23 19:00:00, 1.342631, 156.166667 
1967-12-04 05:00:00, 3.764670, 10.416667 
1967-12-12 13:00:00, 1.233896, 8.250000 
1967-12-29 01:00:00, 11.068721, 16.500000 
1968-01-25 12:00:00, 1.381582, 26.875000 
1968-01-26 00:00:00, 2.548665, 0.500000 
1968-02-08 10:00:00, 4.608063, 13.375000 
1968-03-01 04:00:00, 18.776499, 21.666667 
1968-03-13 03:00:00, 1.196286, 11.333333 
1968-03-13 16:00:00, 1.258592, 0.541667 
1968-05-01 05:00:00, 1.462864, 48.541667 
1968-05-20 11:00:00, 1.231035, 19.208333 
1968-11-08 05:00:00, 3.850751, 171.750000 
1968-11-10 18:00:00, 4.411885, 2.458333 
1968-11-12 19:00:00, 17.540697, 1.958333 
1968-11-19 01:00:00, 1.440880, 6.083333 
1968-11-19 15:00:00, 1.370712, 0.500000 
1968-12-04 15:00:00, 5.267731, 15.000000 
1968-12-15 10:00:00, 5.231876, 10.250000 
1968-12-23 17:00:00, 6.498447, 8.166667 
1969-02-09 21:00:00, 19.207897, 48.041667 
1969-02-19 17:00:00, 6.682963, 9.250000 
1969-02-25 10:00:00, 1.701279, 5.125000 
1969-02-26 11:00:00, 1.865124, 1.000000 
1969-02-27 12:00:00, 1.668063, 1.000000 
1969-03-03 03:00:00, 11.845270, 3.583333 
1969-03-10 21:00:00, 1.301568, 7.166667 
1969-04-23 08:00:00, 1.751198, 43.458333 
1969-10-22 00:00:00, 3.971194, 181.625000 
1969-10-23 01:00:00, 1.623220, 0.500000 
1969-11-06 00:00:00, 1.717880, 13.958333 
1969-11-06 12:00:00, 2.822353, 0.500000 
1969-11-09 14:00:00, 40.420507, 3.000000 
1969-11-14 18:00:00, 7.042205, 1.458333 
1969-12-15 08:00:00, 1.349704, 30.000000 
1969-12-26 17:00:00, 26.840123, 11.333333 
1970-01-07 16:00:00, 1.474502, 10.375000 
1970-01-09 05:00:00, 1.237617, 1.541667 
1970-01-18 12:00:00, 1.244151, 9.250000 
1970-01-21 14:00:00, 1.820687, 3.083333 
1970-01-26 18:00:00, 1.293506, 5.125000 
1970-02-03 14:00:00, 1.272449, 7.833333 
1970-02-10 18:00:00, 1.417150, 7.166667 
1970-02-11 06:00:00, 11.497377, 0.500000 
1970-03-05 14:00:00, 1.417157, 21.750000 
1970-03-06 16:00:00, 1.464745, 1.041667 
1970-03-23 15:00:00, 2.678213, 16.958333 
1970-03-27 05:00:00, 1.329431, 3.500000 
1970-04-03 00:00:00, 2.881420, 6.791667 
1970-04-25 05:00:00, 1.230102, 22.125000 
1970-11-03 19:00:00, 1.274554, 192.583333 
1970-11-05 08:00:00, 4.877787, 1.541667 
1970-11-14 04:00:00, 2.590861, 8.291667 
1970-11-15 16:00:00, 1.554902, 1.041667 
1970-12-04 19:00:00, 1.200836, 19.083333 
1970-12-13 03:00:00, 1.292240, 8.333333 
1970-12-13 15:00:00, 1.490398, 0.500000 
1970-12-14 04:00:00, 4.888122, 0.500000 
1970-12-17 18:00:00, 6.604393, 3.041667 
1970-12-24 11:00:00, 7.184351, 6.625000 
1970-12-25 14:00:00, 1.552655, 1.000000 
1970-12-26 13:00:00, 4.291182, 0.958333 
1970-12-28 14:00:00, 1.185479, 1.958333 
1971-01-01 18:00:00, 6.084394, 4.166667 
1971-01-26 14:00:00, 4.569863, 24.291667 
1971-02-08 14:00:00, 1.699122, 12.458333 
1971-02-09 03:00:00, 1.607073, 0.500000 
1971-02-23 13:00:00, 8.806989, 14.375000 
1971-02-25 02:00:00, 2.791909, 0.500000 
1971-02-27 19:00:00, 1.365654, 2.208333 
1971-03-04 08:00:00, 7.982895, 4.541667 
1971-03-20 09:00:00, 1.301371, 15.916667 
1971-03-28 03:00:00, 4.572258, 7.750000 
1971-04-07 13:00:00, 1.263725, 9.875000 
1971-04-25 02:00:00, 1.353012, 17.458333 
1971-10-03 13:00:00, 1.214699, 161.458333 
1971-11-21 17:00:00, 2.649068, 49.166667 
1971-11-25 21:00:00, 1.511233, 4.083333 
1971-12-18 15:00:00, 3.300718, 22.708333 
1971-12-31 02:00:00, 3.197157, 12.375000 
1972-01-05 19:00:00, 1.336631, 5.625000 
1972-02-04 06:00:00, 6.258934, 29.458333 
1972-02-14 03:00:00, 7.638798, 9.791667 
1972-02-19 06:00:00, 42.344459, 4.541667 
1972-02-25 13:00:00, 1.288257, 5.166667 
1972-02-26 15:00:00, 1.274225, 1.083333 
1972-03-17 16:00:00, 4.249422, 20.041667 
1972-03-23 10:00:00, 1.724990, 5.250000 
1972-03-24 11:00:00, 1.826951, 1.000000 
1972-05-10 00:00:00, 3.707826, 46.500000 
1972-06-23 00:00:00, 1.364601, 43.916667 
1972-09-03 23:00:00, 5.212065, 72.916667 
1972-10-07 15:00:00, 6.748305, 33.541667 
1972-11-09 05:00:00, 12.418702, 32.000000 
1972-11-10 18:00:00, 1.245127, 0.958333 
1972-11-14 21:00:00, 6.339137, 4.125000 
1972-11-20 13:00:00, 1.403663, 5.083333 
1972-11-26 19:00:00, 3.254295, 6.208333 
1972-12-01 12:00:00, 1.594258, 4.625000 
1972-12-15 23:00:00, 11.437957, 14.416667 
1972-12-21 03:00:00, 22.536314, 4.583333 
1972-12-23 19:00:00, 4.417085, 0.500000 
1972-12-26 08:00:00, 1.217034, 2.000000 
1972-12-26 21:00:00, 1.256108, 0.500000 
1972-12-27 09:00:00, 1.408109, 0.500000 
1972-12-28 10:00:00, 1.482849, 1.000000 
1973-01-20 04:00:00, 1.228921, 22.708333 
1973-01-23 06:00:00, 1.451542, 3.083333 
1973-01-28 11:00:00, 1.419649, 5.166667 
1973-01-29 12:00:00, 5.822701, 1.041667 
1973-02-03 04:00:00, 1.479799, 4.583333 
1973-02-11 11:00:00, 6.568733, 8.291667 
1973-02-15 13:00:00, 3.382900, 3.125000 
1973-02-17 15:00:00, 1.434316, 2.000000 
1973-02-22 20:00:00, 1.409539, 5.208333 
1973-03-16 01:00:00, 1.294074, 21.208333 
1973-03-17 14:00:00, 11.354816, 1.541667 
1973-03-22 06:00:00, 23.032492, 3.583333 
1973-03-27 10:00:00, 1.811340, 3.583333 
1973-04-02 02:00:00, 27.260130, 5.666667 
1973-04-04 16:00:00, 11.675590, 0.500000 
1973-05-21 07:00:00, 1.250561, 46.041667 
1973-12-14 21:00:00, 1.477359, 207.583333 
1973-12-17 11:00:00, 2.944721, 2.583333 
1974-01-11 18:00:00, 1.172581, 24.791667 
1974-01-17 11:00:00, 1.373600, 5.625000 
1974-01-29 07:00:00, 1.352188, 11.791667 
1974-02-07 15:00:00, 5.323112, 9.333333 
1974-02-09 07:00:00, 1.459411, 1.541667 
1974-02-20 16:00:00, 1.566668, 11.375000 
1974-02-23 04:00:00, 3.681737, 2.500000 
1974-03-17 11:00:00, 1.481190, 22.208333 
1974-03-21 15:00:00, 1.224056, 4.166667 
1974-03-30 21:00:00, 8.314500, 9.250000 
1974-04-09 17:00:00, 4.519433, 9.250000 
1974-04-10 07:00:00, 1.252472, 0.500000 
1974-04-24 18:00:00, 1.279248, 14.458333 
1974-12-02 16:00:00, 12.603733, 221.916667 
1974-12-17 06:00:00, 2.088099, 13.958333 
1975-01-09 14:00:00, 1.385877, 23.291667 
1975-01-26 02:00:00, 2.105930, 16.458333 
1975-02-06 12:00:00, 1.510524, 11.375000 
1975-02-25 14:00:00, 1.313931, 19.041667 
1975-03-15 05:00:00, 1.251330, 17.625000 
1975-04-03 21:00:00, 8.500185, 19.625000 
1975-06-08 15:00:00, 1.220098, 65.166667 
1975-11-24 19:00:00, 4.202023, 169.166667 
1975-12-10 09:00:00, 1.595181, 15.041667 
1975-12-21 05:00:00, 1.411281, 10.791667 
1975-12-22 05:00:00, 7.343399, 1.000000 
1976-01-12 11:00:00, 1.486633, 20.708333 
1976-01-17 03:00:00, 1.654140, 4.625000 
1976-01-18 05:00:00, 1.348016, 1.083333 
1976-01-22 06:00:00, 3.474168, 4.041667 
1976-02-02 05:00:00, 1.681736, 10.875000 
1976-02-17 16:00:00, 1.657659, 15.416667 
1976-02-18 05:00:00, 1.327008, 0.500000 
1976-02-18 17:00:00, 1.703856, 0.500000 
1976-02-19 05:00:00, 1.389921, 0.500000 
1976-02-28 15:00:00, 1.246940, 9.375000 
1976-03-17 03:00:00, 9.343508, 17.500000 
1976-03-19 18:00:00, 1.354031, 2.500000 
1976-04-26 14:00:00, 1.282036, 37.833333 
1976-05-19 08:00:00, 1.253890, 22.708333 
1976-07-12 16:00:00, 1.397583, 54.291667 
1976-07-13 05:00:00, 1.336544, 0.541667 
1976-07-13 17:00:00, 1.228791, 0.500000 
1976-12-17 11:00:00, 3.442191, 156.750000 
1976-12-21 03:00:00, 1.676252, 3.583333 
1976-12-26 19:00:00, 2.566904, 5.625000 
1977-01-07 16:00:00, 7.784427, 11.791667 
1977-01-10 18:00:00, 8.908142, 2.541667 
1977-02-06 05:00:00, 1.344276, 26.333333 
1977-02-14 00:00:00, 1.388891, 7.791667 
1977-02-21 05:00:00, 1.337545, 7.208333 
1977-02-25 08:00:00, 5.331747, 4.083333 
1977-03-14 10:00:00, 3.182726, 17.000000 
1977-03-15 00:00:00, 2.139189, 0.500000 
1977-03-16 01:00:00, 1.331589, 0.583333 
1977-03-19 03:00:00, 3.490815, 2.625000 
1977-03-23 04:00:00, 16.373428, 3.958333 
1977-04-05 17:00:00, 1.385832, 12.916667 
1977-05-09 20:00:00, 14.548111, 33.666667 
1977-09-20 20:00:00, 6.885864, 133.375000 
1977-10-14 17:00:00, 8.399277, 23.250000 
1977-10-17 06:00:00, 3.325084, 1.583333 
1977-10-20 10:00:00, 1.205583, 3.083333 
1977-11-08 01:00:00, 1.250441, 18.625000 
1977-11-26 04:00:00, 8.171401, 18.125000 
1977-12-01 19:00:00, 1.606176, 5.083333 
1977-12-06 11:00:00, 9.193323, 4.666667 
1977-12-18 23:00:00, 1.255497, 11.916667 
1977-12-19 11:00:00, 10.098267, 0.500000 
1977-12-21 12:00:00, 7.563409, 0.958333 
1978-01-01 21:00:00, 1.289709, 10.791667 
1978-01-02 09:00:00, 1.596675, 0.500000 
1978-01-09 14:00:00, 7.217705, 7.166667 
1978-01-14 07:00:00, 10.180046, 4.583333 
1978-01-18 11:00:00, 1.311365, 3.583333 
1978-01-20 13:00:00, 1.357317, 2.041667 
1978-01-21 02:00:00, 2.770715, 0.541667 
1978-01-26 18:00:00, 1.720939, 5.666667 
1978-02-06 14:00:00, 88.862306, 10.833333 
1978-02-11 06:00:00, 1.290783, 2.000000 
1978-02-11 18:00:00, 1.279693, 0.500000 
1978-02-14 10:00:00, 1.180960, 2.666667 
1978-02-15 10:00:00, 1.305394, 1.000000 
1978-02-26 18:00:00, 1.241604, 11.333333 
1978-03-04 10:00:00, 3.105425, 5.666667 
1978-03-11 05:00:00, 2.661308, 6.708333 
1978-04-28 20:00:00, 1.281879, 48.125000 
1978-12-10 00:00:00, 1.596263, 225.125000 
1978-12-25 11:00:00, 9.963277, 15.416667 
1979-01-14 04:00:00, 2.076648, 19.583333 
1979-01-19 08:00:00, 1.657792, 5.125000 
1979-01-21 21:00:00, 9.518322, 2.541667 
1979-01-25 01:00:00, 112.014872, 2.583333 
1979-02-26 02:00:00, 16.251914, 24.291667 
1979-04-10 02:00:00, 1.480831, 41.875000 
1979-10-04 01:00:00, 1.821689, 176.916667 
1979-12-25 22:00:00, 1.210033, 82.875000 
1980-01-05 18:00:00, 5.189709, 10.833333 
1980-01-16 14:00:00, 7.512132, 10.291667 
1980-01-23 07:00:00, 1.267310, 6.125000 
1980-02-08 09:00:00, 1.363814, 16.083333 
1980-02-16 17:00:00, 1.493177, 8.333333 
1980-03-11 10:00:00, 1.200407, 23.708333 
1980-03-14 12:00:00, 5.646417, 3.083333 
1980-03-22 07:00:00, 12.254653, 7.666667 
1980-03-24 10:00:00, 1.334652, 1.541667 
1980-04-23 10:00:00, 1.794643, 30.000000 
1980-05-02 17:00:00, 1.381633, 9.250000 
1980-10-26 04:00:00, 1.525245, 176.416667 
1980-11-28 20:00:00, 2.996302, 33.625000 
1981-02-08 17:00:00, 3.414326, 71.791667 
1981-02-25 08:00:00, 12.513450, 16.541667 
1981-03-06 15:00:00, 19.972365, 8.208333 
1981-03-17 02:00:00, 1.355862, 8.833333 
1981-03-20 03:00:00, 1.307073, 3.041667 
1981-03-21 04:00:00, 10.894399, 1.000000 
1981-11-16 06:00:00, 7.942473, 239.000000 
1981-11-18 09:00:00, 1.532115, 1.541667 
1981-11-20 23:00:00, 4.645312, 2.541667 
1981-12-09 01:00:00, 1.254041, 17.541667 
1981-12-10 13:00:00, 1.457435, 1.500000 
1981-12-11 14:00:00, 1.280446, 1.000000 
1981-12-16 07:00:00, 3.787648, 4.708333 
1981-12-27 16:00:00, 6.727226, 11.291667 
1982-01-01 21:00:00, 1.175851, 4.625000 
1982-01-04 22:00:00, 3.670269, 3.041667 
1982-01-10 03:00:00, 4.441711, 5.125000 
1982-01-14 07:00:00, 1.702634, 3.625000 
1982-01-15 07:00:00, 3.774902, 0.958333 
1982-02-10 04:00:00, 1.238331, 25.791667 
1982-02-20 14:00:00, 1.180150, 10.416667 
1982-02-21 14:00:00, 1.729619, 1.000000 
1982-02-22 14:00:00, 2.864322, 0.958333 
1982-02-23 04:00:00, 1.487915, 0.500000 
1982-02-23 16:00:00, 1.243871, 0.500000 
1982-03-07 13:00:00, 1.442586, 11.833333 
1982-03-08 02:00:00, 1.774002, 0.541667 
1982-04-04 00:00:00, 1.341934, 26.916667 
1982-04-04 12:00:00, 1.261962, 0.500000 
1982-04-06 15:00:00, 4.829546, 2.125000 
1982-06-06 17:00:00, 13.048650, 60.583333 
1982-06-08 18:00:00, 1.225262, 0.500000 
1982-10-09 19:00:00, 14.090669, 123.041667 
1982-10-14 02:00:00, 11.779788, 3.666667 
1982-10-16 04:00:00, 1.239645, 0.541667 
1982-10-16 16:00:00, 1.318088, 0.500000 
1982-12-18 06:00:00, 4.336991, 62.583333 
1982-12-19 18:00:00, 1.482207, 0.958333 
1982-12-20 07:00:00, 1.753693, 0.500000 
1982-12-20 19:00:00, 1.472765, 0.500000 
1983-01-16 05:00:00, 8.974657, 26.416667 
1983-01-31 06:00:00, 1.290023, 14.458333 
1983-02-03 20:00:00, 1.294915, 3.583333 
1983-02-08 00:00:00, 2.638915, 4.166667 
1983-02-12 15:00:00, 1.834005, 4.583333 
1983-02-24 12:00:00, 1.284367, 11.833333 
1983-02-25 01:00:00, 1.187755, 0.541667 
1983-02-26 02:00:00, 2.851280, 1.000000 
1983-03-02 17:00:00, 4.166883, 4.125000 
1983-03-10 13:00:00, 1.408695, 7.708333 
1983-03-12 14:00:00, 5.612242, 2.000000 
1983-03-19 06:00:00, 1.258598, 6.125000 
1983-03-19 19:00:00, 2.567815, 0.541667 
1983-03-22 09:00:00, 1.501044, 2.083333 
1983-03-28 14:00:00, 1.323515, 6.208333 
1983-04-11 03:00:00, 1.301733, 13.500000 
1983-04-19 21:00:00, 2.850003, 8.750000 
1983-04-25 03:00:00, 1.268664, 4.750000 
1983-04-25 15:00:00, 1.660631, 0.500000 
1983-08-12 19:00:00, 1.672760, 109.166667 
1983-10-25 05:00:00, 2.799394, 73.375000 
1983-10-26 06:00:00, 1.206147, 0.958333 
1983-11-05 15:00:00, 4.738113, 10.375000 
1983-11-11 20:00:00, 1.537568, 6.083333 
1983-11-16 13:00:00, 1.514738, 4.666667 
1983-11-21 15:00:00, 1.521306, 5.041667 
1983-11-25 08:00:00, 5.353224, 3.666667 
1983-11-29 11:00:00, 1.378954, 3.625000 
1983-12-05 03:00:00, 3.651853, 5.625000 
1983-12-07 05:00:00, 4.391925, 2.000000 
1983-12-23 05:00:00, 1.469440, 15.916667 
1983-12-28 23:00:00, 1.288283, 5.750000 
1984-01-31 15:00:00, 1.374758, 33.625000 
1984-02-17 03:00:00, 1.247070, 16.458333 
1984-02-19 05:00:00, 1.367177, 2.083333 
1984-02-24 10:00:00, 1.409276, 5.208333 
1984-02-28 14:00:00, 7.584472, 4.125000 
1984-03-20 05:00:00, 1.420839, 19.625000 
1984-03-29 13:00:00, 40.735989, 9.333333 
1984-04-06 06:00:00, 1.278430, 6.583333 
1984-04-16 15:00:00, 5.365901, 10.333333 
1984-04-24 11:00:00, 1.446894, 7.291667 
1984-04-25 12:00:00, 1.561879, 1.041667 
1984-05-04 18:00:00, 5.290614, 9.250000 
1984-06-02 04:00:00, 6.135490, 27.875000 
1984-10-02 10:00:00, 1.353191, 121.625000 
1984-11-12 17:00:00, 1.285649, 41.291667 
1984-12-06 14:00:00, 4.025744, 23.833333 
1985-01-05 13:00:00, 5.422193, 29.875000 
1985-01-08 04:00:00, 1.629132, 2.500000 
1985-01-08 17:00:00, 1.434356, 0.500000 
1985-01-14 23:00:00, 4.796062, 6.250000 
1985-01-18 01:00:00, 1.408820, 2.541667 
1985-01-18 14:00:00, 8.777384, 0.541667 
1985-02-06 15:00:00, 3.123208, 17.958333 
1985-02-12 22:00:00, 12.182414, 6.208333 
1985-03-12 20:00:00, 1.338892, 26.875000 
1985-03-18 14:00:00, 1.354815, 5.750000 
1985-05-18 16:00:00, 1.244705, 61.083333 
1985-06-27 10:00:00, 1.418648, 39.750000 
1985-09-27 15:00:00, 1.510044, 92.125000 
1985-11-02 18:00:00, 1.242046, 36.083333 
1985-11-05 21:00:00, 1.513080, 3.125000 
1985-12-14 04:00:00, 5.786462, 38.291667 
1986-01-03 20:00:00, 1.744234, 20.541667 
1986-01-05 09:00:00, 2.102170, 1.541667 
1986-01-26 15:00:00, 1.342780, 21.250000 
1986-01-27 05:00:00, 8.624959, 0.583333 
1986-02-05 12:00:00, 2.479607, 8.250000 
1986-02-19 12:00:00, 1.494724, 13.916667 
1986-03-15 06:00:00, 3.025500, 23.750000 
1986-04-09 16:00:00, 6.807399, 25.333333 
1986-04-25 04:00:00, 2.779231, 14.458333 
1986-05-12 05:00:00, 7.988123, 16.958333 
1986-11-19 19:00:00, 1.437268, 191.000000 
1986-11-21 18:00:00, 1.245968, 1.958333 
1986-12-03 18:00:00, 1.364506, 12.000000 
1986-12-19 06:00:00, 5.710510, 15.500000 
1986-12-31 04:00:00, 1.378908, 11.375000 
1987-01-02 16:00:00, 14.649717, 2.500000 
1987-01-11 13:00:00, 1.295541, 8.708333 
1987-01-20 07:00:00, 1.460025, 8.708333 
1987-01-22 21:00:00, 6.206994, 2.541667 
1987-01-27 01:00:00, 2.191581, 3.666667 
1987-01-27 15:00:00, 1.279430, 0.541667 
1987-01-31 04:00:00, 18.607445, 3.541667 
1987-02-09 13:00:00, 1.770235, 8.250000 
1987-03-02 04:00:00, 8.376710, 20.625000 
1987-04-13 15:00:00, 8.336684, 41.875000 
1987-04-29 03:00:00, 3.894110, 14.916667 
1987-11-11 21:00:00, 1.230727, 196.666667 
1987-11-12 09:00:00, 2.135173, 0.500000 
1987-12-01 00:00:00, 1.195304, 18.625000 
1987-12-01 12:00:00, 1.447081, 0.500000 
1987-12-05 03:00:00, 1.174246, 3.625000 
1987-12-11 20:00:00, 1.314137, 6.708333 
1987-12-16 13:00:00, 1.233459, 4.708333 
1987-12-17 14:00:00, 1.738940, 1.041667 
1987-12-18 02:00:00, 1.808838, 0.500000 
1987-12-29 10:00:00, 1.297992, 11.333333 
1988-01-04 16:00:00, 1.316361, 6.250000 
1988-01-09 07:00:00, 1.709075, 4.625000 
1988-01-21 04:00:00, 1.289535, 11.875000 
1988-01-26 09:00:00, 1.921932, 5.125000 
1988-03-15 15:00:00, 1.154173, 49.208333 
1988-04-07 07:00:00, 1.274273, 22.666667 
1988-04-08 07:00:00, 2.579124, 1.000000 
1988-04-09 09:00:00, 1.195876, 1.000000 
1988-04-11 10:00:00, 5.590493, 2.000000 
1988-10-05 00:00:00, 1.493749, 176.000000 
1988-10-08 14:00:00, 1.857209, 3.583333 
1988-10-22 12:00:00, 12.825786, 13.875000 
1988-11-02 10:00:00, 2.354763, 10.333333 
1988-11-06 02:00:00, 1.329093, 3.625000 
1988-12-14 07:00:00, 6.207096, 38.208333 
1988-12-15 09:00:00, 1.205174, 0.500000 
1988-12-18 10:00:00, 1.195333, 3.041667 
1989-01-04 13:00:00, 1.310283, 17.125000 
1989-01-19 14:00:00, 1.245745, 15.000000 
1989-01-20 15:00:00, 1.351021, 1.041667 
1989-02-24 06:00:00, 1.250305, 34.625000 
1989-02-25 06:00:00, 3.141455, 1.000000 
1989-02-27 08:00:00, 1.537104, 2.000000 
1989-04-16 13:00:00, 1.582615, 48.208333 
1989-06-10 08:00:00, 1.280830, 54.750000 
1989-11-01 05:00:00, 1.323995, 143.833333 
1989-11-03 18:00:00, 2.715756, 2.541667 
1989-11-09 13:00:00, 1.292005, 5.708333 
1989-11-28 17:00:00, 1.379363, 19.166667 
1989-12-03 18:00:00, 1.189437, 5.041667 
1989-12-16 06:00:00, 1.358805, 12.500000 
1990-01-01 07:00:00, 1.283783, 16.000000 
1990-01-09 15:00:00, 1.478571, 8.333333 
1990-01-10 14:00:00, 4.793904, 0.958333 
1990-01-12 05:00:00, 5.662684, 1.500000 
1990-01-30 06:00:00, 1.632986, 17.500000 
1990-02-24 14:00:00, 4.721896, 25.291667 
1990-04-04 10:00:00, 3.827539, 38.708333 
1990-04-05 00:00:00, 1.276787, 0.500000 
1990-05-30 09:00:00, 1.390041, 55.375000 
1990-06-21 00:00:00, 1.398571, 21.583333 
1990-10-26 21:00:00, 3.979929, 127.875000 
1990-11-06 06:00:00, 2.614525, 10.291667 
1990-11-08 07:00:00, 2.632843, 1.583333 
1990-11-10 21:00:00, 7.556697, 2.500000 
1990-11-18 15:00:00, 9.201948, 7.625000 
1990-12-04 15:00:00, 6.820462, 14.916667 
1991-01-12 14:00:00, 2.320357, 38.791667 
1991-01-21 19:00:00, 1.265595, 9.166667 
1991-02-14 15:00:00, 12.604203, 23.833333 
1991-03-04 05:00:00, 11.257129, 16.458333 
1991-03-15 02:00:00, 6.769064, 9.750000 
1991-03-19 06:00:00, 1.306497, 3.583333 
1991-03-25 11:00:00, 1.511433, 6.166667 
1991-04-21 09:00:00, 15.048751, 26.875000 
1991-10-29 08:00:00, 74.436656, 189.875000 
1991-11-11 18:00:00, 3.625427, 9.750000 
1991-11-24 04:00:00, 1.164909, 12.333333 
1991-12-03 13:00:00, 5.578553, 9.375000 
1991-12-04 15:00:00, 1.409849, 0.541667 
1991-12-29 23:00:00, 1.236763, 25.333333 
1991-12-30 11:00:00, 1.371188, 0.500000 
1992-01-04 17:00:00, 1.523900, 5.166667 
1992-01-05 16:00:00, 1.702118, 0.958333 
1992-01-14 10:00:00, 1.192027, 8.708333 
1992-01-24 07:00:00, 1.636377, 9.875000 
1992-01-31 14:00:00, 1.279773, 7.291667 
1992-02-01 14:00:00, 5.082591, 1.000000 
1992-02-05 05:00:00, 1.345246, 3.083333 
1992-02-07 18:00:00, 11.087249, 2.541667 
1992-02-09 07:00:00, 1.272227, 0.500000 
1992-02-16 13:00:00, 1.717927, 7.250000 
1992-03-11 07:00:00, 1.389794, 23.708333 
1992-11-24 04:00:00, 3.052161, 257.833333 
1992-12-11 05:00:00, 86.320195, 16.541667 
1993-01-14 07:00:00, 5.144160, 30.958333 
1993-01-17 12:00:00, 1.400457, 3.083333 
1993-01-27 19:00:00, 1.553430, 10.291667 
1993-02-01 10:00:00, 1.509125, 4.625000 
1993-02-02 11:00:00, 1.368276, 1.041667 
1993-02-13 08:00:00, 4.023206, 10.833333 
1993-02-22 04:00:00, 3.171437, 8.750000 
1993-02-28 08:00:00, 1.203900, 5.666667 
1993-03-05 12:00:00, 18.057538, 5.166667 
1993-03-13 20:00:00, 13.633184, 7.208333 
1993-03-30 08:00:00, 1.207922, 15.958333 
1993-04-01 23:00:00, 2.172564, 2.583333 
1993-04-02 11:00:00, 1.306702, 0.500000 
1993-04-03 00:00:00, 1.327473, 0.541667 
1993-04-12 09:00:00, 2.948778, 9.375000 
1993-04-13 09:00:00, 1.635610, 0.500000 
1993-04-14 10:00:00, 1.229379, 1.000000 
1993-04-23 05:00:00, 1.678709, 8.791667 
1993-05-11 21:00:00, 2.592109, 18.625000 
1993-05-12 21:00:00, 1.515147, 0.500000 
1993-05-13 09:00:00, 1.272589, 0.500000 
1993-12-05 19:00:00, 1.438833, 206.416667 
1993-12-11 13:00:00, 2.922727, 5.666667 
1993-12-12 03:00:00, 1.230444, 0.500000 
1993-12-13 15:00:00, 3.393148, 1.500000 
1993-12-16 05:00:00, 21.071199, 2.500000 
1994-01-04 08:00:00, 15.983209, 18.000000 
1994-01-08 11:00:00, 5.518660, 3.541667 
1994-01-14 05:00:00, 7.213430, 5.625000 
1994-02-09 14:00:00, 3.776549, 25.791667 
1994-02-24 13:00:00, 6.813373, 14.875000 
1994-03-03 19:00:00, 13.325229, 7.125000 
1994-05-05 12:00:00, 1.278079, 62.083333 
1994-09-05 14:00:00, 3.009748, 123.041667 
1994-12-11 10:00:00, 1.416783, 96.750000 
1994-12-24 07:00:00, 15.041867, 12.833333 
1995-01-20 18:00:00, 9.515572, 26.333333 
1995-01-22 07:00:00, 1.408441, 0.500000 
1995-01-22 19:00:00, 1.193587, 0.500000 
1995-02-04 18:00:00, 13.885259, 12.958333 
1995-02-21 07:00:00, 1.413458, 15.958333 
1995-02-21 20:00:00, 1.524389, 0.500000 
1995-10-06 13:00:00, 6.977621, 226.666667 
1995-11-14 21:00:00, 1.584913, 38.750000 
1995-11-15 09:00:00, 1.869904, 0.500000 
1995-12-10 06:00:00, 1.536827, 24.833333 
1995-12-20 12:00:00, 14.343525, 10.250000 
1995-12-22 15:00:00, 3.037203, 1.500000 
1995-12-24 05:00:00, 1.333324, 1.500000 
1996-01-03 13:00:00, 6.441825, 10.291667 
1996-01-08 06:00:00, 15.489149, 4.583333 
1996-01-10 07:00:00, 1.232595, 0.500000 
1996-01-11 07:00:00, 1.334726, 0.541667 
1996-01-13 08:00:00, 1.385058, 2.041667 
1996-02-17 01:00:00, 5.802883, 34.666667 
1996-03-08 05:00:00, 7.798107, 19.625000 
1996-03-20 06:00:00, 1.400795, 11.458333 
1996-04-08 06:00:00, 3.232408, 18.625000 
1996-04-10 07:00:00, 6.381677, 1.958333 
1996-04-16 14:00:00, 5.805405, 6.166667 
1996-09-13 17:00:00, 1.445663, 149.541667 
1996-09-14 16:00:00, 5.537438, 0.958333 
1996-09-18 07:00:00, 8.570544, 3.041667 
1996-09-23 12:00:00, 5.628331, 4.625000 
1996-09-24 14:00:00, 1.255990, 0.500000 
1996-10-09 02:00:00, 1.198490, 14.500000 
1996-10-20 09:00:00, 23.048869, 11.291667 
1996-12-07 12:00:00, 1.341750, 46.500000 
1996-12-08 13:00:00, 1.606057, 1.000000 
1996-12-09 02:00:00, 1.208947, 0.500000 
1997-01-10 03:00:00, 8.837006, 32.000000 
1997-01-16 22:00:00, 1.193422, 6.208333 
1997-03-06 12:00:00, 4.342266, 48.541667 
1997-03-31 21:00:00, 17.993243, 25.250000 
1997-04-18 13:00:00, 1.209798, 16.583333 
1997-04-19 01:00:00, 21.521631, 0.500000 
1997-04-24 17:00:00, 4.311164, 4.583333 
1997-04-28 21:00:00, 1.198634, 3.625000 
1997-11-02 04:00:00, 3.214545, 187.291667 
1997-11-09 10:00:00, 1.342682, 7.166667 
1997-11-09 23:00:00, 1.288105, 0.500000 
1997-11-15 03:00:00, 3.295042, 5.166667 
1997-12-01 15:00:00, 4.911117, 16.416667 
1997-12-30 04:00:00, 2.268967, 28.416667 
1998-01-09 00:00:00, 1.254619, 9.791667 
1998-01-10 01:00:00, 1.457757, 1.000000 
1998-01-16 18:00:00, 12.945546, 6.666667 
1998-01-18 08:00:00, 1.499186, 0.500000 
1998-01-29 03:00:00, 16.408913, 10.791667 
1998-02-05 10:00:00, 12.341107, 6.208333 
1998-02-12 17:00:00, 1.358031, 6.208333 
1998-02-19 09:00:00, 1.702594, 6.666667 
1998-02-24 12:00:00, 34.082968, 5.083333 
1998-03-10 02:00:00, 1.314508, 12.416667 
1998-03-21 22:00:00, 12.126264, 11.833333 
1998-04-24 00:00:00, 5.218816, 32.500000 
1998-05-10 16:00:00, 1.204662, 16.541667 
1998-05-11 05:00:00, 2.720844, 0.541667 
1998-11-26 21:00:00, 1.252249, 199.166667 
1998-12-30 12:00:00, 1.419037, 33.583333 
1999-02-03 05:00:00, 3.357490, 34.666667 
1999-02-05 07:00:00, 1.509919, 2.000000 
1999-02-26 00:00:00, 1.838342, 20.708333 
1999-02-28 15:00:00, 1.311371, 2.583333 
1999-03-01 03:00:00, 9.235072, 0.500000 
1999-03-15 13:00:00, 2.818839, 13.375000 
1999-09-16 21:00:00, 1.480319, 185.250000 
1999-10-23 03:00:00, 3.266467, 36.250000 
1999-11-03 13:00:00, 1.222469, 10.958333 
1999-12-01 23:00:00, 1.309851, 28.416667 
2000-01-20 15:00:00, 15.094159, 49.625000 
2000-01-25 18:00:00, 13.792348, 4.083333 
2000-02-19 15:00:00, 1.709750, 24.250000 
2000-03-17 12:00:00, 4.985206, 26.833333 
2000-04-22 06:00:00, 1.423767, 35.625000 
2000-04-22 19:00:00, 4.271373, 0.500000 
2000-04-26 09:00:00, 1.581663, 3.041667 
2000-05-10 08:00:00, 1.280610, 13.916667 
2000-05-11 10:00:00, 1.434206, 1.000000 
2000-06-06 20:00:00, 6.819020, 26.416667 
2000-10-31 07:00:00, 2.947729, 145.916667 
2000-11-11 02:00:00, 2.733130, 10.291667 
2000-12-20 11:00:00, 1.586302, 39.291667 
2000-12-30 19:00:00, 2.201497, 10.333333 
2001-01-06 12:00:00, 1.237340, 6.666667 
2001-01-21 13:00:00, 3.424120, 15.041667 
2001-02-06 01:00:00, 5.367306, 15.416667 
2001-03-06 00:00:00, 51.781309, 27.875000 
2001-03-10 03:00:00, 1.536766, 2.041667 
2001-03-22 14:00:00, 15.016898, 12.416667 
2001-03-30 19:00:00, 1.709965, 7.125000 
2001-04-18 12:00:00, 1.392621, 18.666667 
2001-12-18 06:00:00, 6.186866, 243.750000 
2002-01-07 11:00:00, 1.651648, 19.666667 
2002-01-13 15:00:00, 2.970347, 6.166667 
2002-01-16 06:00:00, 1.343331, 2.541667 
2002-01-29 03:00:00, 1.235646, 12.875000 
2002-02-04 21:00:00, 6.090298, 6.750000 
2002-05-14 04:00:00, 1.624151, 97.708333 
2002-06-15 19:00:00, 1.805197, 32.583333 
2002-10-17 00:00:00, 4.899159, 123.166667 
2002-11-06 15:00:00, 11.647414, 20.541667 
2002-11-17 13:00:00, 7.917058, 10.333333 
2002-11-23 06:00:00, 1.462588, 5.125000 
2002-12-14 12:00:00, 1.839509, 21.250000 
2002-12-20 15:00:00, 3.052753, 6.083333 
2002-12-21 05:00:00, 1.456116, 0.500000 
2002-12-25 19:00:00, 11.688313, 4.583333 
2003-01-02 04:00:00, 6.262331, 6.833333 
2003-01-03 05:00:00, 27.902251, 0.500000 
2003-01-07 07:00:00, 1.397968, 2.083333 
2003-01-08 08:00:00, 1.181773, 1.041667 
2003-01-09 09:00:00, 1.818809, 1.041667 
2003-02-02 05:00:00, 1.244779, 23.833333 
2003-02-04 19:00:00, 1.260340, 2.583333 
2003-02-18 04:00:00, 2.666783, 13.375000 
2003-02-23 08:00:00, 1.739487, 5.083333 
2003-02-23 21:00:00, 1.660865, 0.500000 
2003-03-03 04:00:00, 1.341774, 7.250000 
2003-04-27 01:00:00, 1.359173, 54.875000 
2003-06-01 17:00:00, 1.604700, 35.666667 
2003-09-29 07:00:00, 1.273357, 119.583333 
2003-11-13 18:00:00, 1.605540, 45.458333 
2003-11-21 00:00:00, 1.282013, 7.250000 
2003-11-29 08:00:00, 1.595722, 8.333333 
2003-12-06 13:00:00, 35.755866, 7.166667 
2003-12-11 16:00:00, 5.697361, 4.000000 
2003-12-15 08:00:00, 2.864835, 3.541667 
2004-01-19 01:00:00, 1.512870, 34.666667 
2004-02-19 14:00:00, 3.307908, 31.541667 
2004-02-21 15:00:00, 12.875411, 1.958333 
2004-03-09 05:00:00, 1.308048, 15.500000 
2004-03-17 12:00:00, 10.030175, 8.291667 
2004-04-02 14:00:00, 1.350917, 15.500000 
2004-04-05 05:00:00, 1.251060, 2.625000 
2004-09-29 15:00:00, 4.163982, 177.416667 
2004-10-16 06:00:00, 1.408323, 16.500000 
2004-10-23 00:00:00, 1.334623, 6.750000 
2004-10-24 00:00:00, 11.440316, 1.000000 
2004-10-25 14:00:00, 1.335842, 0.500000 
2004-12-01 19:00:00, 1.332447, 37.208333 
2004-12-08 00:00:00, 1.574941, 6.208333 
2004-12-11 02:00:00, 7.554796, 3.041667 
2004-12-27 04:00:00, 2.741515, 15.041667 
2005-01-17 09:00:00, 1.395183, 21.166667 
2005-01-23 13:00:00, 4.600122, 6.125000 
2005-02-10 16:00:00, 8.529594, 18.000000 
2005-03-01 06:00:00, 7.441272, 18.041667 
2005-03-08 13:00:00, 1.654589, 7.166667 
2005-03-09 03:00:00, 1.442448, 0.541667 
2005-03-12 04:00:00, 1.264277, 3.041667 
2005-03-12 16:00:00, 10.466602, 0.500000 
2005-03-29 05:00:00, 3.057803, 15.958333 
2005-04-03 09:00:00, 6.568054, 5.083333 
2005-04-04 11:00:00, 2.618384, 0.958333 
2005-04-25 05:00:00, 1.403825, 20.666667 
2005-04-28 06:00:00, 4.047556, 3.041667 
2005-05-07 14:00:00, 13.008649, 8.791667 
2005-05-23 15:00:00, 55.447953, 14.916667 
2005-10-12 11:00:00, 1.428963, 138.666667 
2005-10-15 13:00:00, 5.183604, 3.083333 
2005-10-23 08:00:00, 1.803546, 7.291667 
2005-10-25 10:00:00, 17.332888, 2.083333 
2005-11-22 20:00:00, 3.453385, 27.833333 
2005-12-02 05:00:00, 1.332320, 9.291667 
2005-12-16 16:00:00, 2.233389, 14.458333 
2005-12-26 11:00:00, 1.304098, 9.750000 
2005-12-30 03:00:00, 1.459850, 3.666667 
2006-01-03 18:00:00, 1.569750, 4.625000 
2006-01-04 07:00:00, 1.388772, 0.500000 
2006-01-14 15:00:00, 3.322230, 10.333333 
2006-01-18 18:00:00, 1.469226, 4.041667 
2006-01-30 04:00:00, 1.349320, 11.375000 
2006-01-31 04:00:00, 33.835225, 1.000000 
2006-02-03 19:00:00, 1.702574, 1.500000 
2006-02-05 08:00:00, 4.918948, 1.541667 
2006-02-12 14:00:00, 12.600490, 7.125000 
2006-06-08 01:00:00, 1.311336, 115.291667 
2006-06-10 15:00:00, 1.209810, 2.541667 
2006-10-12 07:00:00, 1.373396, 123.666667 
2006-10-28 19:00:00, 3.929955, 16.500000 
2007-01-02 02:00:00, 1.285607, 65.208333 
2007-02-02 15:00:00, 1.425880, 31.500000 
2007-02-03 05:00:00, 1.257739, 0.541667 
2007-03-02 14:00:00, 5.949515, 27.375000 
2007-03-17 01:00:00, 8.602706, 14.333333 
2007-04-05 05:00:00, 2.856314, 18.583333 
2007-04-16 02:00:00, 68.791987, 10.791667 
2007-06-04 18:00:00, 4.421051, 46.041667 
2007-06-05 19:00:00, 1.278458, 0.500000 
2007-10-09 15:00:00, 1.258085, 125.833333 
2007-10-11 17:00:00, 8.044436, 2.041667 
2007-11-03 22:00:00, 5.085988, 22.166667 
2007-11-06 14:00:00, 1.342150, 2.583333 
2007-11-11 05:00:00, 1.190381, 4.583333 
2007-12-03 12:00:00, 1.349822, 22.291667 
2007-12-16 19:00:00, 9.458635, 13.291667 
2007-12-27 18:00:00, 1.382725, 10.833333 
2007-12-28 07:00:00, 1.415188, 0.541667 
2007-12-31 09:00:00, 1.242141, 3.083333 
2008-01-14 09:00:00, 2.918413, 13.958333 
2008-01-27 19:00:00, 6.946691, 12.958333 
2008-02-06 16:00:00, 1.328929, 9.291667 
2008-02-07 15:00:00, 1.531629, 0.958333 
2008-02-10 17:00:00, 1.321836, 3.083333 
2008-02-27 08:00:00, 1.449740, 16.625000 
2008-03-15 09:00:00, 3.283416, 17.000000 
2008-03-16 10:00:00, 2.791550, 0.958333 
2008-03-19 14:00:00, 11.138043, 3.083333 
2008-04-13 10:00:00, 1.281008, 23.750000 
2008-05-10 09:00:00, 1.340475, 26.958333 
2008-05-11 07:00:00, 3.391671, 0.916667 
2008-05-12 09:00:00, 8.906819, 1.000000 
2008-05-18 04:00:00, 1.255282, 4.708333 
2008-10-22 10:00:00, 1.279869, 157.250000 
2008-10-28 14:00:00, 5.075108, 6.166667 
2008-11-26 03:00:00, 1.296187, 28.416667 
2008-12-12 02:00:00, 1.391766, 15.958333 
2008-12-20 11:00:00, 1.624258, 8.333333 
2008-12-21 23:00:00, 2.350459, 1.500000 
2008-12-31 18:00:00, 1.336482, 9.791667 
2009-01-11 14:00:00, 2.870049, 10.791667 
2009-01-12 04:00:00, 1.454475, 0.500000 
2009-02-12 17:00:00, 1.262709, 31.541667 
2009-02-19 12:00:00, 1.853053, 6.791667 
2009-04-07 01:00:00, 5.759145, 46.541667 
2009-06-22 15:00:00, 1.385157, 76.000000 
2009-06-23 16:00:00, 1.310107, 1.000000 
2009-10-16 13:00:00, 9.748667, 114.875000 
2009-10-18 15:00:00, 4.964268, 1.041667 
2009-10-29 00:00:00, 1.957063, 9.833333 
2009-12-06 06:00:00, 2.575744, 38.250000 
2009-12-09 20:00:00, 8.623627, 3.500000 
2009-12-20 06:00:00, 7.308867, 10.291667 
2010-01-02 04:00:00, 19.028625, 12.375000 
2010-01-18 06:00:00, 10.595726, 14.000000 
2010-02-11 02:00:00, 8.574242, 22.791667 
2010-02-16 17:00:00, 1.361166, 5.041667 
2010-02-24 11:00:00, 1.318817, 7.708333 
2010-02-25 11:00:00, 1.412930, 1.000000 
2010-02-26 00:00:00, 34.196133, 0.500000 
2010-03-01 04:00:00, 3.233123, 2.041667 
2010-03-03 18:00:00, 19.807359, 2.083333 
2010-03-14 03:00:00, 23.468445, 8.750000 
2010-03-23 09:00:00, 1.429631, 7.166667 
2010-03-24 09:00:00, 2.978270, 1.000000 
2010-03-31 03:00:00, 3.161391, 6.666667 
2010-04-27 14:00:00, 1.401820, 27.375000 
2010-10-15 10:00:00, 2.167977, 170.791667 
2010-11-10 18:00:00, 8.246571, 26.333333 
2010-11-11 21:00:00, 1.219367, 0.541667 
2010-12-02 00:00:00, 1.302367, 20.125000 
2010-12-20 15:00:00, 1.389695, 18.583333 
2010-12-21 03:00:00, 3.064450, 0.500000 
2010-12-23 16:00:00, 1.408997, 2.041667 
2010-12-24 05:00:00, 1.359592, 0.500000 
2010-12-27 07:00:00, 13.108702, 3.041667 
2011-01-07 18:00:00, 8.065644, 11.333333 
2011-01-09 07:00:00, 1.570331, 0.500000 
2011-01-12 09:00:00, 1.779462, 3.041667 
2011-01-19 03:00:00, 1.682821, 6.708333 
2011-01-21 15:00:00, 5.869801, 2.500000 
2011-01-27 09:00:00, 1.795073, 5.625000 
2011-02-02 15:00:00, 1.596787, 6.208333 
2011-02-06 06:00:00, 1.391742, 3.541667 
2011-02-25 22:00:00, 1.615302, 19.666667 
2011-02-28 12:00:00, 3.241854, 2.583333 
2011-03-24 19:00:00, 1.274891, 24.208333 
2011-04-01 14:00:00, 4.136059, 7.791667 
2011-05-11 22:00:00, 1.579486, 40.250000 
2011-08-10 13:00:00, 1.450871, 90.625000 
2011-08-28 14:00:00, 3.937921, 18.041667 
2011-10-14 16:00:00, 1.273102, 47.000000 
2011-10-30 05:00:00, 6.343276, 15.541667 
2011-12-28 06:00:00, 1.524797, 58.916667 
2012-01-12 17:00:00, 8.143759, 15.416667 
2012-01-27 18:00:00, 1.487313, 14.916667 
2012-02-25 05:00:00, 1.291090, 28.416667 
2012-03-29 08:00:00, 1.208625, 33.125000 
2012-04-23 17:00:00, 1.253123, 25.375000 
2012-06-04 01:00:00, 25.778038, 41.333333 
2012-10-29 03:00:00, 32.246924, 145.375000 
2012-10-31 17:00:00, 1.759161, 0.500000 
2012-11-01 05:00:00, 1.275389, 0.500000 
2012-11-07 21:00:00, 12.490714, 6.625000 
2012-12-18 07:00:00, 22.771024, 39.791667 
2012-12-21 10:00:00, 6.618200, 1.000000 
2012-12-22 11:00:00, 1.617596, 0.500000 
2012-12-27 14:00:00, 10.162841, 5.083333 
2012-12-30 05:00:00, 2.034070, 2.500000 
2013-02-09 02:00:00, 23.048649, 40.833333 
2013-02-17 09:00:00, 1.417509, 7.666667 
2013-02-25 04:00:00, 1.265166, 7.791667 
2013-02-27 16:00:00, 9.958013, 2.500000 
2013-03-01 05:00:00, 6.671587, 0.500000 
2013-03-05 09:00:00, 1.307250, 3.583333 
2013-03-06 10:00:00, 66.501877, 1.041667 
2013-03-26 02:00:00, 3.107357, 16.000000 
2013-04-01 07:00:00, 2.693130, 5.708333 
2013-12-15 13:00:00, 6.126298, 258.166667 
2013-12-30 02:00:00, 1.386536, 14.416667 
2014-01-03 04:00:00, 16.965565, 4.083333 
2014-01-22 08:00:00, 1.409466, 18.541667 
2014-02-14 03:00:00, 4.596690, 22.791667 
2014-02-16 04:00:00, 1.465714, 1.958333 
2014-03-26 11:00:00, 3.996652, 38.250000 
2014-03-31 03:00:00, 1.386287, 4.583333 
2014-04-25 00:00:00, 1.322065, 24.833333 
2014-10-05 00:00:00, 1.516057, 163.000000 
2014-10-22 14:00:00, 23.209196, 17.541667 
2014-11-01 22:00:00, 9.490230, 8.708333 
2014-11-27 06:00:00, 3.439898, 24.708333 
2014-12-09 17:00:00, 18.333620, 12.375000 
2015-01-27 08:00:00, 27.977809, 47.041667 
2015-02-02 15:00:00, 1.758704, 5.666667 
2015-02-09 07:00:00, 5.065570, 6.625000 
2015-02-10 08:00:00, 1.246067, 0.500000 
2015-02-12 09:00:00, 1.486468, 2.041667 
2015-02-15 11:00:00, 7.635690, 3.041667 
2015-02-19 03:00:00, 1.505318, 3.541667 
2015-11-11 15:00:00, 6.653394, 265.458333 
2015-11-13 05:00:00, 1.226120, 1.000000 
2015-12-15 06:00:00, 1.295855, 32.041667 
2015-12-18 08:00:00, 1.342556, 3.041667 
2016-01-10 15:00:00, 9.179443, 23.291667 
2016-01-17 09:00:00, 1.399182, 6.166667 
2016-01-23 15:00:00, 16.852209, 6.250000 
2016-02-08 14:00:00, 23.539629, 14.833333 
2016-03-05 13:00:00, 1.729076, 24.791667 
2016-03-18 00:00:00, 1.597136, 12.416667 
2016-04-08 03:00:00, 1.417524, 21.125000 
2016-12-01 05:00:00, 1.536177, 237.000000 
2017-01-04 07:00:00, 3.195485, 34.083333 
2017-01-23 13:00:00, 1.326013, 19.166667 
2017-01-24 12:00:00, 12.109868, 0.958333 
2017-01-25 15:00:00, 1.323950, 0.541667 
2017-02-08 12:00:00, 1.492174, 13.875000 
2017-02-09 14:00:00, 4.552987, 1.041667 
2017-02-13 05:00:00, 3.961579, 3.541667 
2017-02-14 05:00:00, 3.855014, 0.916667 
2017-02-14 19:00:00, 1.373666, 0.500000 
2017-02-15 19:00:00, 8.952604, 1.000000 
2017-03-14 16:00:00, 9.282523, 26.291667 
2017-04-01 18:00:00, 3.396949, 17.958333 
2017-04-04 22:00:00, 6.772472, 3.083333 
2017-04-07 00:00:00, 8.379985, 1.500000 
2017-05-06 12:00:00, 1.243178, 28.916667 
2017-05-14 19:00:00, 1.414037, 8.250000 
2017-05-26 03:00:00, 2.784941, 11.333333 
2017-06-06 14:00:00, 1.386782, 10.958333 
2017-10-30 11:00:00, 1.978605, 145.875000 
2017-11-19 16:00:00, 1.508080, 20.166667 
2017-12-13 00:00:00, 1.391636, 23.333333 
2018-01-04 16:00:00, 16.231894, 22.666667 
2018-01-23 20:00:00, 1.291599, 19.000000 
2018-01-30 02:00:00, 7.643800, 6.250000 
2018-02-05 07:00:00, 1.397848, 5.625000 
2018-03-02 04:00:00, 141.926789, 24.875000 
2018-03-09 09:00:00, 1.457933, 0.958333 
2018-03-13 12:00:00, 9.228321, 4.125000 
2018-03-21 18:00:00, 16.879293, 8.125000 
2018-04-04 20:00:00, 1.210285, 13.000000 
2018-04-16 15:00:00, 3.196685, 11.791667 
2018-10-12 05:00:00, 2.796906, 178.500000 
2018-10-27 16:00:00, 6.670744, 14.958333 
2018-11-10 05:00:00, 1.288761, 13.000000 
2018-11-16 10:00:00, 6.303112, 6.166667 
2018-11-25 16:00:00, 7.332636, 9.166667 
2018-11-27 06:00:00, 7.511404, 1.000000 
2018-11-28 07:00:00, 6.571384, 0.541667 
2018-11-29 08:00:00, 1.277656, 0.500000 
2018-12-03 00:00:00, 1.537651, 3.666667 
2018-12-22 02:00:00, 2.634041, 19.083333 
2018-12-22 17:00:00, 1.573646, 0.541667 
2019-01-09 06:00:00, 1.396530, 17.541667 
2019-01-20 13:00:00, 3.808688, 11.291667 
2019-01-21 03:00:00, 1.327937, 0.500000 
2019-02-13 09:00:00, 1.614411, 23.250000 
2019-02-24 19:00:00, 4.024208, 11.375000 
2019-03-04 14:00:00, 3.752542, 7.708333 
2019-03-22 16:00:00, 1.460850, 18.000000 
2019-05-14 11:00:00, 1.318600, 52.750000 
2019-09-07 10:00:00, 1.805560, 115.916667 
2019-10-11 03:00:00, 1.320151, 33.666667 
2019-10-11 15:00:00, 4.953235, 0.500000 
2019-10-17 05:00:00, 8.433375, 5.041667 
2019-10-28 03:00:00, 1.415361, 10.833333 
2019-10-28 16:00:00, 1.531131, 0.541667 
2019-11-18 19:00:00, 3.773993, 21.125000 
2019-11-25 01:00:00, 1.424287, 6.166667 
2019-11-29 06:00:00, 1.333387, 4.166667 
2019-12-02 08:00:00, 22.127213, 3.083333 
2019-12-14 16:00:00, 6.111198, 11.250000 
2019-12-30 19:00:00, 5.753275, 16.000000 
2020-01-19 10:00:00, 2.850681, 19.083333 
2020-01-26 05:00:00, 1.725931, 6.708333 
2020-02-07 13:00:00, 5.765665, 12.333333 
2020-02-27 18:00:00, 1.717150, 20.083333 
2020-03-07 02:00:00, 7.721761, 8.291667 
2020-03-27 05:00:00, 1.412055, 19.583333 
2020-03-30 07:00:00, 1.803558, 3.083333 
2020-04-02 10:00:00, 1.458114, 3.125000 
2020-04-02 23:00:00, 24.917802, 0.541667 
2020-04-09 16:00:00, 1.468973, 5.125000 
2020-04-27 05:00:00, 3.540874, 17.458333 
2020-04-27 19:00:00, 2.956731, 0.500000 
2020-09-22 20:00:00, 3.791176, 147.541667 
2020-10-30 14:00:00, 3.035480, 37.666667 
2020-12-01 16:00:00, 1.438894, 32.000000 
2020-12-05 18:00:00, 4.345457, 4.000000 
2020-12-17 16:00:00, 9.348459, 11.833333 
2020-12-21 22:00:00, 1.202306, 3.625000 
2021-01-02 17:00:00, 1.287468, 11.791667 
2021-01-04 07:00:00, 1.576449, 1.583333 
2021-01-05 08:00:00, 10.544246, 1.041667 
2021-01-16 17:00:00, 7.379423, 10.291667 
2021-02-01 18:00:00, 41.738965, 15.916667 
2021-03-01 16:00:00, 1.326095, 25.291667 
2021-04-16 18:00:00, 9.877414, 46.083333 
2021-08-22 16:00:00, 1.403658, 127.333333 
2021-10-26 19:00:00, 33.049936, 65.125000 
2021-10-28 21:00:00, 1.350624, 0.500000 
2021-10-30 23:00:00, 1.584519, 2.083333 
2021-12-19 15:00:00, 1.228150, 49.625000 
2021-12-22 17:00:00, 3.045431, 3.083333 
2021-12-26 09:00:00, 1.249359, 3.583333 
2022-01-02 02:00:00, 8.974342, 6.708333 
2022-01-03 18:00:00, 1.253950, 1.041667 
2022-01-07 19:00:00, 1.480547, 4.041667 
2022-01-17 14:00:00, 9.521864, 9.708333 
2022-01-29 12:00:00, 8.815105, 11.791667 
2022-03-25 22:00:00, 1.815221, 55.291667 
2022-04-08 08:00:00, 1.668280, 13.416667 
2022-11-27 18:00:00, 1.401843, 233.375000 
2022-11-28 07:00:00, 1.344077, 0.541667 
2022-12-15 21:00:00, 1.444304, 17.583333 
2022-12-16 10:00:00, 10.693458, 0.541667 
2022-12-23 04:00:00, 10.284476, 5.708333 
